"","V1","V2","V3","V4","V5"
"1",0.0540130035448943,-0.216637313926408,-174.840473589231,-9.90038570309612,8.0720008727949
"2",-0.0554345946389654,0.176248334160168,-172.044194373461,-9.34965987424927,7.50731202981269
"3",-0.0325484598283977,-0.130225801927086,-172.470203876398,-5.9633695278531,3.19237622160381
"4",0.198922966899901,1.02475541522993,-170.75217697277,-15.7413592048315,10.356223024068
"5",0.00477483630422765,-0.808026069263269,-170.566883107161,-10.3856301042604,7.10882035942503
"6",0.0584653703414494,0.531680839550023,-174.284257755969,-7.70011039131568,5.93851818861528
"7",-0.0647162802897696,0.111332402006732,-172.721555423679,-16.1258646832658,11.4053375022198
"8",-0.00121324712992887,0.0349533534598119,-175.210949269258,-8.29490620256716,6.11266627143652
"9",0.0286301350706717,-0.00732081972061949,-167.304578392681,-18.813543302917,13.602690644117
"10",0.031907008496356,0.527066057543731,-172.946801039258,-6.96665158593339,3.42194438733606
"11",0.0272460719323919,-0.618200622980806,-166.917154606379,-7.34753803652384,5.84813098015347
"12",0.0184680465745823,0.00431693272743501,-169.325477808806,-12.0438783903303,9.37684079049497
"13",0.0145783922913989,-0.44500448735296,-169.66558579705,-7.14495276227313,5.35836340647911
"14",0.0238071901172973,0.39839724078336,-171.606516210138,-9.10851316804331,6.17897346490965
"15",0.130410605111853,0.130372928894783,-165.997649684793,-13.0013215681775,11.0971540389051
"16",0.0343483721343564,-0.316385691956736,-164.240741131146,-11.8075112158959,8.23234823650868
"17",-0.0143994912736762,-0.724700557832881,-169.020487490435,-7.11247326542981,4.84941617006685
"18",0.00757560383530146,-0.216840310334566,-177.605636736787,-16.6433356226103,12.958775268323
"19",-0.0651073106809489,-0.924970710615144,-171.382346081147,-21.983217557121,17.1648199533153
"20",-0.0711545224467022,-0.112182727054438,-168.579281761146,-7.29636247691643,5.79151888008027
"21",0.0426063524669908,-0.871713375335709,-161.534350959158,-10.2350635264164,7.41814810339882
"22",-0.0069194916146391,-1.01366467648502,-171.998646653069,-15.7951437051352,12.3687756721218
"23",0.0541205379690624,1.1426073518999,-176.465802161391,-6.33806747225333,5.2333723679263
"24",0.0744508726878109,-0.200842693387893,-164.427832859815,-9.97748297168951,8.00464761983531
"25",-0.0368658003582248,0.508442774864973,-172.562227510206,-11.6713921658719,7.84930544305263
"26",0.0301877581978627,-0.254222405204307,-170.198384919248,-13.6156729950552,9.67807110220945
"27",0.0610971066327726,-0.102166667120016,-165.166149719985,-11.5823611948938,9.31186297175467
"28",0.101615651992349,0.40000939657628,-171.039749562442,-18.8461413017566,15.3881222751599
"29",0.0930417401066468,-0.199886057626281,-163.309650345492,-9.76412173687344,7.21505768568394
"30",0.115939656805734,0.0904182184482238,-167.063504859326,-15.1074261841315,11.9614950083562
"31",0.0201837979886502,-0.250991896988492,-174.116223692326,-11.4820695920804,8.987432140809
"32",-0.0181882446807583,0.391095898464342,-169.639927122256,-7.7025139626829,5.59840038448676
"33",0.0950050402504222,-1.17067974778344,-174.266107428157,-13.5004537561199,9.39384374657599
"34",0.0635459619719276,0.82905361733136,-173.083103459003,-14.9644509233641,11.9972161980095
"35",0.0985925977276881,1.26641127771003,-174.518999348141,-6.36835364032966,4.36109829443928
"36",-0.0129586839270504,-0.795604600966467,-165.259380125669,-7.0050626086855,5.58104457155306
"37",0.0852487495665371,0.0414504327234028,-170.014907799244,-11.2260169171783,9.2253184241459
"38",0.0847391617318512,-0.618948634537183,-166.859503789796,-14.2886965362546,10.3546837177312
"39",0.0396679249108876,-0.39653807637633,-163.513971920165,-10.1745918639194,8.01370295101477
"40",-0.00985005335231151,-0.0264702503250039,-170.911247169322,-8.26651627448827,5.99126847339933
"41",0.029626132141793,1.38185328801988,-171.522477057614,-7.61346545015116,5.92398713564595
"42",0.118666993792748,0.240489495746975,-167.02171823005,-13.5117236411183,10.556710348014
"43",-0.0788877571339097,0.630207731141768,-171.433863913852,-12.5119276160805,9.11451073376513
"44",0.129823148309954,0.617286562578516,-167.128320722627,-13.7055324474523,10.6073792476179
"45",-0.0161665677246344,-1.2426883840017,-164.544315480636,-9.96860057011681,7.83059834424782
"46",-0.0640635786039646,-0.790766037623119,-166.850831316509,-12.1794079716339,10.1034523456928
"47",0.0623280484452823,-0.604375966834871,-162.734478929792,-10.2522742176392,7.85584923454533
"48",0.1775949812446,0.324058971487505,-169.10156155674,-8.11224675521083,5.62609978806091
"49",0.0877062335633163,0.968218364595447,-168.75767377195,-7.7771489533349,5.20367556122756
"50",-0.0562417283913911,-0.385001907269612,-171.805032163984,-14.6740855286928,11.0070729966796
"51",0.0720941967644996,0.883513658453096,-168.854058292253,-9.03975331176135,6.45351442083922
"52",0.00341744354158357,-0.133284348243761,-164.379390020193,-13.1468437602382,10.1919875673766
"53",-0.0446511488518396,0.264424431562706,-175.708831343644,-10.3330002199815,8.69191206179289
"54",0.147051028219264,0.388383470894834,-171.496530173376,-12.3184539215153,9.68435225031638
"55",0.0910543145168584,0.251491173668102,-167.651778740936,-7.00446662568336,5.25860496748481
"56",0.00140335702647961,0.203812857576074,-171.42299555414,-5.97278961376715,4.44150765548652
"57",0.0937164460887672,-0.515459541704162,-167.248423469495,-22.6915217613408,18.4257832967368
"58",0.0608629796081896,0.422915501594184,-168.9320081185,-10.7272440813091,8.89064654515999
"59",0.0260649168975006,-0.517508009597425,-167.434415504957,-14.1584742664256,12.4773055765753
"60",-0.00546611106304142,0.106432826715871,-162.306797385187,-11.752097266158,9.13619830751731
"61",-0.061631283157892,-0.783879807441974,-168.359160833658,-16.8788358996658,11.5864871382086
"62",0.0157901712625782,-0.412388512723098,-169.402887220796,-14.7980455021907,12.3959294921633
"63",0.0201278384995083,0.158871772788162,-166.898413316868,-17.4302760665204,16.0004578993731
"64",-0.0381137955785259,-0.704024926928962,-176.843981726508,-14.6717775654704,10.3795101882659
"65",-0.144677405131803,-0.74822298910759,-161.78510285724,-16.8319877624033,12.7840759033359
"66",0.0218856700159515,-0.592798767801164,-171.193202249593,-24.2573240521939,20.8613088253329
"67",-0.00807148117017469,-0.563339991178963,-176.171667468657,-6.67772462579526,5.22027185109306
"68",0.131996296683062,0.428612415180674,-171.793404636924,-13.6657178913441,11.2229672104666
"69",0.089866722645343,-0.402629160736666,-166.555705111236,-9.67935304607474,7.57207840693444
"70",0.0630340123708748,-0.0795944519461329,-169.835643330774,-11.2952984500582,8.00818824465248
"71",-0.0859188514225692,0.500403372937985,-173.767480298987,-16.4480645124031,13.2363766099795
"72",0.0151360709443812,1.21911581481129,-173.182203057728,-3.96225838582658,2.22005652287349
"73",0.0177679861360343,-0.817055742820028,-170.46850908623,-15.2907588801971,12.3113250731912
"74",-0.0447900012556633,-0.785415756095287,-170.790173514563,-8.21874516715588,6.11369035451288
"75",0.219221142608105,0.302512205592564,-169.44344059071,-15.2516261037776,11.4633103044381
"76",0.0353042553284124,-0.216807782806076,-173.659759183555,-12.9716228690653,11.4176592429932
"77",0.0322201332700077,-0.0165395520999366,-170.099784171853,-11.907069670341,9.35211401235682
"78",0.0123222755572659,0.0251938995478994,-171.657418803831,-6.99628887046159,5.27534720092424
"79",0.0327622229253521,0.325785262193253,-163.090574023034,-18.1599194314474,11.3960520457711
"80",-2.67890037337976e-06,0.0963176591520213,-167.159034042722,-11.8218139228909,8.59952775806958
"81",0.0341966249968489,0.322190166617246,-170.856629748233,-3.44786805527179,1.38586232114604
"82",0.0254980244029086,0.673466444312711,-171.01087366439,-9.05774531305841,6.62087943107105
"83",-0.0556124430611196,-1.01744897755917,-167.227487711802,-7.30141128449841,5.70530440727404
"84",0.0485847656405943,-0.971245298343302,-170.454321814934,-10.4595752257945,8.20865903424951
"85",0.0316943671345221,-0.0456400870274718,-169.284636615221,-13.5456651502578,10.6757532703336
"86",0.133245005605574,0.157349772179006,-174.877432219745,-12.4187024525387,6.40444514002945
"87",-0.0142778259305579,-0.550535345366315,-171.768782685302,-8.9831452733583,6.37259200495995
"88",-0.0078986224958425,-0.164493540506655,-168.32422792324,-11.803944927732,8.93293713524219
"89",0.0133626073908493,0.0666649833178427,-169.953911155836,-8.59199860584994,6.56003389725339
"90",-0.0254414496224538,-0.498324959127292,-169.176678772958,-10.2072203920002,8.47102594187768
"91",0.0360876613063548,-0.0329011059913302,-167.834718912247,-15.9278919552578,13.3222394034462
"92",0.115591034777328,0.617050975539628,-165.704720955045,-15.4372069934936,7.51147716868094
"93",0.127107852870818,0.000146466969112782,-169.70713109169,-10.043303289703,7.97609817258049
"94",0.0314743314805576,0.57159448616747,-165.926237144229,-14.2017422468463,11.2849135193313
"95",-0.0469746115676725,-0.40363487710507,-171.835049472181,-9.9676024867917,6.39499126499533
"96",0.110155637146747,-0.326641409703764,-167.77165823836,-8.76036568804756,6.59583451849195
"97",0.0575488696566247,-0.417154793469386,-167.733337502185,-6.63619972564829,4.76382122045771
"98",-0.0737104020330449,0.219080078839793,-172.119073134522,-18.0976762365852,15.1785063653916
"99",0.0430132363326447,-0.657430981384889,-175.842152430469,-11.8525718959643,9.42427384776573
"100",0.0996559174574262,1.90729694559286,-171.650699945083,-17.6663002751167,13.3530634968691
"101",0.0673733969979827,-0.4237796133618,-166.027670745921,-12.0997203500929,10.0530833320028
"102",0.04573791892451,-0.0175063609816772,-172.034544014227,-4.84138970285418,2.41519922920205
"103",0.0440842256870098,-0.326148212182536,-168.904198287865,-7.83769455232424,4.88799866084313
"104",-0.135386715443821,-0.19862587282789,-170.269367714365,-16.9436327779649,13.131763223059
"105",0.119487560787338,-0.176993277987862,-166.045366143919,-13.6852797989085,9.43219183703146
"106",0.106790135898672,-0.031285803871917,-166.684436871532,-7.53662781247328,5.58818311608498
"107",0.0118453004591013,1.41197605879979,-173.588439504339,-8.1366945987058,6.8945038209933
"108",-0.0477242718995031,-0.761684351621216,-169.846912357305,-6.91667121096728,5.14958797469752
"109",0.0379766599308135,-0.913833169948302,-165.365656174744,-15.6614169732838,11.0883662160867
"110",0.048326534855788,-0.243395677496988,-165.153591806399,-8.55621132809246,5.51750410019504
"111",0.0418424540956966,-0.402177932222047,-171.456538534313,-16.6942702958717,14.4574909069327
"112",0.0166961562235909,-0.701168411624304,-171.203334347139,-11.5992205741942,9.5680503649798
"113",0.0774741255895137,-0.215949687563174,-166.82164497143,-10.2996751933226,9.11601139481714
"114",-0.0289994722510802,-1.26835328521739,-171.922839346215,-15.6131932002481,12.5568326678623
"115",-0.00111137034562053,-0.651224627028494,-169.388029353046,-14.5647359140619,12.5822556911523
"116",-0.00279531862038453,-0.294024796425923,-173.295312432371,-7.70855756039911,5.75138741012248
"117",0.126330413527256,0.325893839512396,-169.030836870585,-14.5956169568568,12.5465701865644
"118",0.0922822535671463,0.0172587729165186,-166.531597226435,-9.46305029420229,6.12973054245028
"119",0.118018467596457,0.0733226617562149,-169.974028886584,-7.92831156319453,4.76554337837285
"120",-0.0531363165228789,-1.00506568065754,-167.584878078613,-16.4411656261607,14.1810280950225
"121",-0.0277626114558441,-0.467982716991638,-173.919731982801,-10.6406251368654,8.67440715072745
"122",0.102997852013761,0.56103592939185,-167.441434269885,-16.4841024512999,13.3847797399353
"123",0.0177742543862913,-0.310625486622187,-167.903932042627,-13.6584117215005,9.61212550018766
"124",0.0226514487704987,0.0602195235608115,-178.123740728891,-11.2113439492298,8.10122431527254
"125",-0.0126597545945355,-0.265658452434169,-170.705146880994,-11.2552709984612,8.63114296038459
"126",-0.00673718964474702,0.805644576945937,-174.216772117041,-11.6090632142194,8.99022981096999
"127",0.00151578243153771,-0.117704848620605,-172.249662857303,-6.0086915197537,3.66708205972843
"128",0.0388449212681556,0.184384057040186,-171.1856152373,-9.12027617754726,7.13474547118237
"129",-0.0608013167895706,0.0128966195769725,-166.217309794626,-10.7663589870877,8.28921938961444
"130",0.0776765842835482,1.48246218275991,-174.936932775188,-3.05151958975969,1.31500419983575
"131",0.0396595541795558,-0.0508230178113065,-166.84583447268,-3.20921375398601,1.89226833854042
"132",0.139362476809149,0.844007456179984,-169.277898280469,-8.28462404596922,6.09350952888772
"133",0.0480309420700551,0.105238876638815,-175.447639641204,-10.8079616344719,9.07516142844836
"134",0.0276416294933467,-0.384746721409725,-175.055417997045,-14.1945666476264,11.1662660244918
"135",0.0161230832539374,-0.360141601855381,-164.915037245601,-9.34652058569675,6.59097559278772
"136",-0.0186715757277545,0.376124445265151,-169.140208224837,-5.14920323744603,3.01806133545482
"137",0.112034457472176,-0.187482962640998,-162.152528681861,-13.6248718021199,11.7713472560673
"138",0.0828310623587245,-0.636115760429457,-169.89781548793,-13.7608550036757,10.6119656740224
"139",0.152794110169726,0.945512855357272,-168.144238417332,-9.5057582403079,8.09499582252896
"140",0.0309008291810768,-0.699724935569453,-170.538318844439,-8.10817150364328,6.34893236462873
"141",0.0268431489176781,-0.503557126904588,-167.08325928812,-8.75106867673366,7.00694423887913
"142",0.0079845409720679,0.176526244016123,-167.176087328016,-8.56174967329335,6.81045916805046
"143",0.0467771545214749,-0.251123225864471,-174.96479331532,-13.4979588144541,10.3977648683783
"144",-0.0154020694637208,-0.136829130601609,-176.727396613669,-13.6221987224647,11.5405426204914
"145",0.0321807893350303,0.377739048425686,-172.909882767767,-9.05580352009906,6.47167550736378
"146",0.0947490519444005,0.368325275946026,-170.314875981559,-6.02000814066325,3.65050820080955
"147",0.0277022565085638,-0.577649449878761,-169.234986551671,-22.5315699283935,15.7323188460591
"148",-0.0467819227962535,-0.750613019310962,-164.813869752431,-11.7964521214625,9.97613973525872
"149",0.00504850003579559,0.84181328803028,-170.388242425104,-14.8793059213928,12.5007106000294
"150",0.167456558093145,0.500680607103414,-168.425097575697,-19.2918931793419,15.7810445931063
"151",0.158677238337755,0.687085914602209,-173.437076903006,-11.6051853248427,8.31099430189577
"152",0.0871170486473448,-0.353027974225773,-166.129421461452,-6.76989366143425,3.53721177832927
"153",0.0854295001083658,-0.41097776897051,-167.929984181819,-13.6007353619645,9.41410226685413
"154",-0.0324611924464367,1.95501529486762,-176.532373349941,-15.1303875139326,10.5883568605202
"155",0.0916592562284007,-0.481999957215168,-169.444091440004,-8.42815709492501,6.76911007049551
"156",0.137898912684035,0.247118748223253,-168.090560488018,-5.66231308416686,2.91899463901885
"157",0.0606240036345917,0.158531513111232,-177.243890394457,-11.2263914592249,9.54611550208796
"158",-0.0117029400940367,0.35611892643838,-175.041723363297,-6.92181452389413,4.86107948669508
"159",0.0126129036454679,0.381800175735192,-168.300963018286,-11.6768554393671,9.82088369115762
"160",0.0199018395757503,0.151372342197927,-173.974637673166,-6.57772358563638,5.22682438676516
"161",0.15150861590118,0.70299277924302,-168.030878718454,-18.1586808160034,14.3716176451811
"162",0.141574108001451,0.792408006973189,-168.301579283434,-8.59524462576779,5.09329335489511
"163",0.025754444746067,0.0874733958814289,-163.112763585389,-13.0406689219072,11.1494466438972
"164",0.0389406008675339,0.0178331186434186,-171.889908032619,-16.2375641441103,12.7225377911727
"165",-0.0339717089598122,-0.441197109159973,-172.566464761831,-18.5883167689419,13.5773931041816
"166",-0.107623432078458,-1.2245671193539,-170.656601144703,-12.97750377974,9.49533320363056
"167",0.0600101044217451,0.296075464698901,-170.567183260611,-8.27824385679635,6.33796966705975
"168",-0.0195834259400995,-0.0541641069062111,-172.073244006745,-17.0114039136888,13.3662090182913
"169",0.187898169560809,-0.144207209932453,-170.675396574632,-23.8865149228861,18.0086941568377
"170",0.0208202731031906,0.107987865850314,-169.953534473183,-7.80757250388197,5.78962914903138
"171",-0.00352318218859218,0.425863618493166,-171.696229965854,-4.77324934229855,2.05853093082431
"172",-0.107444483244908,1.25449572552169,-172.863692332557,-6.40536503525661,3.77171225358344
"173",-0.0945783851259681,-1.08458463346126,-167.410330643603,-14.7265870842457,12.2550063303093
"174",-0.0117047994396891,0.108822878034605,-170.102206452891,-7.44105806524344,5.89394437340794
"175",-0.0879590782317927,-0.381154309751221,-173.0201079412,-14.7524589197176,11.3202994690121
"176",-0.0306101279917647,0.286315385092013,-173.235420959336,-12.4825866827121,9.1926267044874
"177",0.173963840884517,0.0118921030533505,-168.339639017589,-10.7634730824149,8.45505105404443
"178",-0.0106064354960224,-0.351484158120292,-169.2629180256,-12.4499251976982,8.55968365108712
"179",0.14215484702715,1.30786621078675,-168.446803027486,-15.3948676234632,13.5715803304075
"180",-0.051349785830587,0.964831348973833,-176.743580889591,-6.5834048166783,4.69226108542384
"181",0.117892025433909,0.439070889647522,-170.755000519658,-5.42699026902945,3.88043790832156
"182",0.0572032129432783,-0.479693146676089,-167.736602988304,-15.2159263377282,12.96998746183
"183",0.0403462492962363,0.675162704875888,-175.476178546324,-14.9394335922134,10.0419514308449
"184",0.0161489172971088,-0.375744712565997,-169.779248298199,-17.4556850860861,12.6121633376806
"185",0.175174937491715,-0.403274259423758,-168.509041611541,-17.658575050753,14.817953842563
"186",0.100354748757946,-0.144881350298679,-168.192427081159,-8.11922304116621,5.97518802745678
"187",-0.0116781307418626,0.0282155608639297,-168.428697990673,-9.85310253918635,7.7315084506684
"188",0.0452129588548942,-0.445205838404419,-164.019785123863,-12.7557701032061,10.9976528743288
"189",0.0514316089693669,-0.86636157428273,-170.182510087692,-7.35955699180411,4.83813458944504
"190",0.116710105605669,-0.427619068401008,-165.442322043939,-16.8806246827315,12.8707790750276
"191",0.0434369084309996,0.34581660195627,-163.505998494999,-9.10532330598583,6.44212806492196
"192",-0.111526830128603,-1.2360420862973,-171.117675564684,-26.6971087189573,18.9410957226149
"193",-0.0204465180745165,0.159743180577488,-167.286573780511,-10.5112247840156,8.43994251671225
"194",0.0705391383050159,0.0748585274066736,-170.351690185795,-6.39592823742449,3.37905556322164
"195",0.0495425610065101,-0.404471389555889,-167.0680968272,-6.3188287362751,4.76611618316412
"196",0.0279131497245576,-0.690800040082322,-165.810911969735,-12.5227678339398,10.1337114044868
"197",-0.0141243224090354,-0.973603990051091,-167.626356867933,-9.22422354992811,7.32702478969006
"198",0.0449060521137822,-0.00846046954137984,-172.80099447791,-14.9405321702926,12.6585817882479
"199",-0.0631184177906009,-0.653351132398154,-171.147530384116,-16.7885949016565,14.365974935183
"200",0.0127549550886034,0.224758283755591,-166.587189962109,-12.1821080892652,9.71879862862983
"201",-0.00888482549971102,-0.269290101438523,-167.697256005438,-16.2730016835196,13.2772984627739
"202",-0.0217419847251187,-0.215940460276657,-170.63398946192,-9.04280765788266,7.51088951047138
"203",0.0735979397225728,0.58995678117515,-163.553755816562,-9.25523774870426,6.73641991543483
"204",0.0165421530120644,-0.567601145144028,-166.315893122264,-16.6339090978504,12.5789518721655
"205",0.0292770162849063,-0.450339356884607,-169.362381961024,-10.6262102696451,8.50178858651539
"206",0.085674469220647,0.427986053655428,-172.696540820802,-5.05669554165835,3.32968049572435
"207",-0.0139659526642672,0.396516717669841,-168.914147278491,-7.75852870632872,4.60601361735584
"208",0.00324084912656415,-1.13286306192952,-169.124795051733,-3.86766770961173,1.32596620020619
"209",-0.00181065073523611,-0.653496559927005,-173.736492375282,-14.8522416989031,12.3610261483867
"210",-0.0693696167558434,-0.288529952530323,-169.434692164007,-10.2605540702302,7.90506893253706
"211",0.0137558803482876,1.11891198964132,-171.251281582869,-4.44003356291843,2.91855218083009
"212",0.138159251872817,0.346145945569091,-162.690739089856,-8.26872305208446,5.21401202563452
"213",0.10957838706806,0.95527618552833,-168.981526618628,-14.8019374229053,10.8331007873479
"214",0.0841290932592827,-0.191902795048751,-164.772352183998,-3.54232784496989,1.57215682588659
"215",0.0356930024026004,-0.648552618210334,-168.924047883728,-22.7849704347055,18.6972714911147
"216",0.00306604264646341,-0.431620199935263,-160.556232820678,-12.1472367320469,9.7986674364131
"217",0.122397832425785,0.684366740186518,-172.522778630846,-6.43377086825994,4.29400909120412
"218",0.0481625593117914,0.406292279676418,-164.772181307045,-8.66798324679752,6.78568155217779
"219",0.0394318670655904,0.398357003320506,-168.731376260253,-14.3082016129051,8.94159568329865
"220",-0.0230654899680631,-0.110713044581218,-176.350125021185,-15.7776518394389,11.5956175281364
"221",0.141271825591263,-0.252455266717929,-170.214348497787,-11.8381937979662,5.22432711270465
"222",-0.0691921234879348,-0.409901098128526,-163.73136173279,-8.56055952133906,6.98379081280212
"223",0.0761320500492836,-0.0578590673554808,-161.794953578391,-12.5095408514249,10.5104127045004
"224",0.0276613771976641,0.404626361832737,-168.611030628692,-6.02376663633867,4.11803833825548
"225",0.185868151191768,-0.343310731480068,-160.192159412864,-14.8561782188702,8.65580421321889
"226",0.023528343630095,-0.544038217841883,-168.305429251984,-3.81254782823323,0.520129956510283
"227",0.103360233973918,0.0411382453436752,-170.376162127006,-12.1156185944785,10.4760897276003
"228",0.00629791507729629,-0.982883108383621,-170.557088305885,-13.0567400986203,11.0813159303163
"229",0.0399002969881902,-0.115515688584622,-169.926798886587,-9.46217981998565,6.86881337153952
"230",0.0470194462707083,-0.517724450639441,-163.996218143709,-19.0101316835923,14.7192466771608
"231",0.145271730229354,0.134162101837347,-166.108011180625,-9.53377337035725,3.39889444203701
"232",-0.0468914852440921,-0.301428339021869,-168.978942143636,-9.12604706617145,4.54719960715523
"233",-0.0538762126521445,-0.494478021272494,-166.469849740896,-7.94901959991875,5.82192780761391
"234",-0.0143051747073904,0.510782773952264,-172.443408813301,-12.4688396607807,8.61166302393785
"235",0.0698535470664276,-0.539404304906449,-168.654564584909,-14.3101778480401,11.5914253246273
"236",-0.0416947957008961,-0.0122764863282153,-166.839590813729,-10.4753845545312,8.36114872572669
"237",-0.061215334174538,-0.868300912808256,-171.652743120382,-17.9602314185169,14.480868041016
"238",0.0867439158581781,0.0227277455762222,-167.26807101699,-5.86124612149698,3.64962393095513
"239",0.103397362214794,-0.0422527192161205,-162.054761269545,-12.6028744094501,9.46446628830839
"240",0.0306679357078475,0.15775065283792,-175.43234990046,-16.0699801459744,12.8706920846561
"241",-0.0428397428939196,-0.550716711234469,-169.52633942034,-21.0265149696598,17.5901482915248
"242",0.00745581044011939,0.898881910856558,-180.039330203871,-8.89122861968302,6.92308398495768
"243",0.00283903633940043,-0.62400396999976,-172.514235031859,-5.17152678646586,3.34359614678014
"244",0.00609066357441717,-0.813701523542794,-167.887862209288,-14.3943871351747,10.5978164815568
"245",0.0265165481089331,-0.62620736374031,-169.172058438184,-15.4714229798061,12.1482895481409
"246",0.0914103289805707,1.10547376992994,-165.375700121029,-12.3170610290079,10.4219748993097
"247",0.00440098591579189,-0.015411461398803,-170.527104012648,-7.54223282402523,5.23571356006658
"248",0.0904952123413531,-0.215106366005831,-171.545291141135,-13.125282785306,10.6070743440445
"249",0.0518632443057084,0.550248070463399,-174.763627397258,-8.96493725814935,5.81955912734678
"250",-0.0288706495092021,-0.519805721243861,-173.752446284518,-6.00109970002579,4.1829169041771
"251",0.298384305138567,0.99562693421663,-162.801398460072,-10.7372164721981,8.97464612847194
"252",0.191935894391762,0.864115105749245,-164.376596321356,-5.33438131449203,3.76120851691584
"253",0.101647431921597,0.211266122353221,-168.447230035361,-9.52147697419788,7.19693752276473
"254",0.149259545521016,0.271562450552232,-166.688015566007,-14.5200095410134,12.2799011177148
"255",-0.0833300681887771,-1.65350881501612,-168.718925013016,-20.5730660366621,17.7814895562176
"256",0.00860671476959455,-0.0155583544844496,-169.975132934459,-9.72214247497006,8.12582265857328
"257",0.0670979244427299,-0.322158105366882,-162.743083111933,-11.3604172036262,6.95277134011083
"258",-0.0897354951547202,-0.478811409077818,-170.44990446834,-18.4736842365201,13.076677642184
"259",-0.0757900196680741,-0.916610931025961,-172.751255900847,-12.1488099146154,9.197350351621
"260",-0.0142561395240835,-0.379023484054297,-168.559940456717,-6.14051823832388,3.34455211516368
"261",0.0175498279365149,-0.236251226994114,-173.886603122889,-15.6052852086597,11.1549180617337
"262",0.136756009913984,0.871811483823656,-167.462152397217,-8.47350831279485,7.27552910292357
"263",-0.0576236640481134,0.102533519541779,-162.598172324128,-9.45767349100086,7.36694901747648
"264",-0.0122723514569751,0.295951026538391,-172.214557218838,-9.41919810164013,7.46081051316944
"265",-0.00947589453141522,-0.440931488106361,-168.076956113276,-17.2527325053635,13.7193454595816
"266",0.0319746781765299,-0.174762672178844,-169.655337038296,-8.39465610813921,6.60342297770643
"267",-0.0124534191848126,-0.855237307539023,-168.580157216344,-24.4292176324055,19.8250026310837
"268",-0.0578800568717759,-0.74851740741153,-169.29940953178,-9.50541786378181,7.47516728081509
"269",0.0511865533732728,0.353557447827741,-171.867457089343,-8.23330781878466,6.4250111789404
"270",-0.00402445016082132,-0.389713624109023,-176.724141166047,-12.7779579606237,10.5316953901918
"271",0.0450929569781018,-0.489888988486106,-173.050340810707,-4.84430095698886,2.75248152308674
"272",-0.0385923861747826,0.850722009629514,-170.261995610472,-7.4669338825971,5.4131160837428
"273",0.00527833530225514,-0.459005065980789,-166.523547743298,-11.9644064782736,8.4873924950793
"274",0.169788554985258,0.766145660907996,-167.318809095168,-11.1867553364383,9.01742409026334
"275",0.0327715931988748,0.835415507196835,-169.146621351366,-20.128757253854,14.7641713834986
"276",-0.0930189179942426,-0.459952325205892,-171.388064886375,-9.49986786756366,7.65920843589653
"277",0.0918722882203353,-0.00170519091023549,-173.630923708041,-10.9399342094877,7.7680677947757
"278",0.182198777112849,0.376819359855235,-169.05547785114,-9.17458551841086,7.5054628636388
"279",0.0190294789968287,-0.711105446078276,-172.950779757652,-10.6391431112649,8.01659674975614
"280",0.0881363247654847,0.780059833580399,-167.260965238164,-13.8008910299171,10.1754907497871
"281",0.135656300114435,0.315250636421865,-162.155244339945,-14.9239361334891,9.65942750421018
"282",0.0717165905736974,0.367173603797582,-166.673256692178,-9.69223805965041,6.18572850011479
"283",-0.0452279444025932,0.570383933362449,-176.136563360215,-4.22742888394011,1.51943043375641
"284",-0.0193797084475318,0.0138917792235956,-167.771140874422,-8.24439098234139,6.29476050129685
"285",0.0675396682773473,-0.54841666893125,-171.624649316612,-11.0470874518195,8.79192520655407
"286",-0.0289154744579809,-0.131971983035772,-172.065536679431,-9.46689646641387,5.93419405114319
"287",0.0109469597870553,-0.702981994543545,-167.099896117785,-12.4551424805623,10.6188491715588
"288",0.0215898954124111,-0.167074562473035,-170.54711298007,-4.27999017653674,2.78429019711559
"289",0.0885755331341489,-0.0152267040762079,-166.812145717794,-13.7054427927031,11.8401398711636
"290",0.0225146222167624,-0.552805436361432,-163.417180405403,-10.3598275394327,7.92282934101254
"291",0.079690330237438,-1.14002542626793,-161.127527269386,-13.7266847042009,10.2442999558127
"292",0.0458572654116736,0.473392434997243,-168.12188421689,-8.5467705220329,6.24220246684327
"293",0.122970842843984,-0.438044043449388,-164.197201059133,-10.2687921105803,7.11720161302541
"294",-0.021776599617217,0.388748070815188,-170.502407686923,-4.60319986792538,2.54975661305246
"295",0.110370109664067,-0.0976641266239039,-163.269574545993,-6.6790576121765,4.18325745590387
"296",0.0458448271404866,-0.506555026801288,-166.55851732981,-8.56861198364223,6.63401639535166
"297",0.0963382021114941,-0.168584047403058,-166.416239883174,-8.81844466785149,5.8098736996421
"298",-0.00167813451686468,-0.709431723871371,-174.136268982789,-19.4459838351834,15.5603371610561
"299",0.0469129230310077,-0.128629138742424,-169.486452352299,-9.6328118846936,7.44377842055353
"300",-0.0537005577052945,-0.807198543463624,-172.983566158795,-17.8402562259988,14.347750041411
"301",-0.00441401967599211,0.0189290606805656,-169.328816618185,-17.2254467499731,14.2695379276319
"302",0.080433603655592,-0.0690917861738353,-173.101775436195,-7.69633407578613,5.70855696900151
"303",0.00206326748134903,-0.387146166155171,-167.447106773415,-5.7924422801556,4.19921895960354
"304",-0.0590618889060839,0.0835553807983496,-170.803779367662,-11.4439300404506,9.29728192500365
"305",0.00507339147455778,-0.97289475672213,-162.936338180365,-18.5950963404986,15.6834762530729
"306",0.119762283069724,0.397272324040821,-167.836501929519,-10.4610062162967,9.03485964136202
"307",0.0409950053093221,0.174526190674403,-170.920375157104,-4.00640327452072,2.53616104407611
"308",-0.0106741618466036,-0.069878370989304,-170.293370998617,-16.2800411886499,12.9841138192427
"309",0.0338444467042852,0.255089816493302,-166.800779279929,-7.834650548348,6.08848638038517
"310",-0.0140333024294386,1.34824158630622,-173.205977491357,-12.9239445531617,10.3737792873883
"311",-0.0367279703973791,0.135219879565093,-174.830092191452,-10.6374923459448,8.6663682414284
"312",-0.0018214912560256,0.581171473357421,-174.800256663573,-11.2203061022505,6.69576889423439
"313",0.156060481010898,-0.0394982940195237,-167.432790727736,-8.50944824198616,6.58239240017642
"314",0.0701942154984396,0.404463788537496,-164.368557792152,-11.68525352847,9.20407182255501
"315",-0.0241528671859807,0.535366575530622,-171.543652427984,-6.78622349656207,5.0446043074965
"316",-0.00433541416661179,0.451381396672999,-174.171399802852,-4.39410510473856,2.98959896170694
"317",-0.0099257355945575,-1.00535306391451,-169.439697367487,-16.9058352329723,14.8908181467908
"318",0.0737453670284137,0.770158709702225,-172.576601314056,-14.92026823889,10.6837192355725
"319",-0.0530896297028702,0.329868571241885,-179.304318780216,-12.9627462525321,10.383138801683
"320",-0.00735505512641948,-0.36054477442063,-172.28859321537,-7.6965394083527,5.15758486492809
"321",0.150523706733314,0.797985914339239,-171.390459740583,-19.894993505621,15.9475034999729
"322",0.0497250819109817,-0.519496671759755,-168.739202505789,-9.86557062787776,7.51135383516468
"323",0.0458304537714259,1.0267716876051,-174.401842461979,-6.14851896641695,3.80699091072884
"324",-0.0587333394805096,-0.935264597828234,-169.752264268817,-12.7215546831456,11.1435012783692
"325",0.09016506480881,0.487437180541254,-164.733101243156,-10.3534626453277,7.79620857862245
"326",-0.0155033949822583,-0.709178472507303,-168.529393392566,-10.2466144898956,8.38147255474907
"327",-0.0210367887061118,-0.24946774750937,-164.783022347735,-9.45706808944917,8.0232075701023
"328",0.124033594711158,0.415969582096342,-166.462980689424,-6.97681220419598,5.44350870730014
"329",0.00618576055513322,-0.169378057619388,-164.058038801301,-7.46220063004501,5.67633439752816
"330",0.139879083373922,0.420970318066122,-168.390086894428,-7.16362765948197,4.11364037412919
"331",0.0972495118312212,-0.0416820255364607,-176.128694972109,-24.0837136739033,13.6526322462061
"332",0.0894343935729139,0.109926966290095,-164.534490994018,-8.48089531690747,6.35642761647182
"333",0.0688077870239978,0.0199316190901372,-168.497214199833,-6.56748508543564,5.29120812183524
"334",0.0314887204343697,-0.238625673610158,-168.677834910435,-6.68487255974601,4.89463229128719
"335",-0.0601000183093478,0.125113632266839,-167.065779953237,-9.11970480716513,7.32987331268973
"336",0.0019763039612587,-0.411489125361699,-160.951724269101,-13.2163950758109,10.1312623307514
"337",0.109685373363483,-0.115913029556135,-166.546179755482,-12.7550520745564,10.2316204604567
"338",0.00949460953295925,1.09116681271139,-170.412228237462,-6.8498195638649,5.25621642242328
"339",0.0148540053364653,-0.499416678203701,-165.994380984222,-16.645305158053,14.2166878031908
"340",-0.081747683819729,0.182303666533757,-172.590252001492,-10.6045078092127,7.25738064889084
"341",0.0358688994221504,-0.78317802347505,-170.189292888749,-12.6297833441856,10.4322231313633
"342",-0.0308611895503876,-0.643576473458073,-172.949933255767,-6.52305433996726,5.12990956379203
"343",0.128754201228066,0.616697702067917,-163.479251482724,-14.8172381325497,10.2406141843317
"344",0.0299397553158947,0.291222433938646,-169.301010316299,-6.9624739934337,3.45143349301765
"345",-0.0518694263246861,0.552998364464687,-172.968753370571,-14.2596064142291,10.8971913301488
"346",0.0281065381932598,-0.725726460661522,-165.246387822902,-7.74062268282464,5.9314343932589
"347",-0.0517333738711045,-0.413901759009411,-174.394664914619,-7.56467635099338,4.95411549636118
"348",0.0131919839372919,-0.807156693098286,-171.880051469636,-16.7377335194522,14.3064960527392
"349",-0.0113488605581817,0.303467896982913,-171.229282813952,-13.1037274884841,10.2577292597667
"350",0.123005757112905,0.673085048003457,-159.343899441191,-6.77562439972599,4.2618737741763
"351",0.134654275678297,0.219818255162452,-169.162253900179,-8.85904873261345,6.87716306560183
"352",0.219261460965337,0.20734084226929,-168.853494844199,-25.6540677132656,19.5614445523881
"353",0.0240265801447491,-0.318192298798627,-169.825774253431,-6.00794755146429,2.53933556149165
"354",0.0494216739604198,-0.0978125063216586,-170.611596047873,-23.8829471289688,19.8465446829462
"355",0.104295061196213,0.268828414811157,-161.037107419758,-14.5401762447558,11.9763324272844
"356",0.14937248741968,-0.403460196796901,-171.342418790939,-12.8561236074738,9.55060266581415
"357",0.0542925927736317,0.488650862671188,-176.281072884871,-8.24790923736087,6.38453185838504
"358",0.0515105891009539,-0.216641494211678,-172.642715415216,-11.4384956349301,9.44894355265382
"359",-0.11850051994578,-0.839148429596836,-171.700537130655,-15.8531778447867,10.6512147591371
"360",0.0071344051525567,-0.101744755758469,-169.345774535367,-12.959405971657,10.2073295893315
"361",-0.00721737339707275,-0.183482682987348,-172.046669006671,-18.6431934766589,13.1959865198245
"362",0.0212677125322686,0.498993047878517,-175.329209459835,-12.6123057421258,10.5358484927226
"363",0.0568869560984686,-1.20087783663703,-169.629326699906,-11.633395676841,9.70504750679405
"364",0.120263081884819,-0.0573461167935242,-168.030328185432,-10.5786931586563,8.26803576426449
"365",0.107660209315214,-0.355149003847937,-171.617337060236,-9.01766643751168,6.92908801685283
"366",0.00697166909421061,0.237793311117834,-169.528750745003,-14.0395542079588,11.2529465149416
"367",0.0362576846623487,0.0863053311654156,-169.791733151058,-20.4708638775155,9.51933798114592
"368",0.00639898932403484,0.0763789104121842,-167.061079306214,-13.808516517895,11.1602071808115
"369",0.19328138884693,0.446288182157874,-164.255400855374,-12.1926447711514,9.72404014821196
"370",0.0210334385735825,0.578953605832808,-169.535370412863,-5.51014934644085,3.18597433343529
"371",0.108756315314351,-0.731662607820056,-172.133168738024,-7.54136894618685,5.17974124998751
"372",0.107802440644972,0.342378781389854,-175.282325151283,-9.38279583115962,7.18878891961511
"373",-0.0497178650744769,-0.439506178382602,-170.709079159124,-6.95286497850313,5.35340614411809
"374",0.0358769059792816,-0.312700850636952,-170.806695844323,-10.9750810231151,7.98676811879847
"375",-0.0841135057631411,-0.662535673201974,-171.17301689491,-13.1652795118261,10.8384618290614
"376",0.0146249656462364,0.544587397202013,-170.506973521726,-9.91195989100381,7.9251636084003
"377",0.143351821170463,-0.298285668425214,-165.838379214126,-10.7013916250876,7.85269463225873
"378",0.0584579634621926,-0.299431710680454,-168.062572008778,-4.09543827668516,1.87381549250968
"379",0.0245988367671122,-0.379982252679383,-166.76738870322,-10.2852770605232,7.71080168778345
"380",-0.0819535529604291,0.393329792916654,-173.242686592318,-14.3044263860104,10.1192302197168
"381",-0.050991569888585,-1.02739756503806,-176.040490389915,-18.9637457115593,10.3823837954628
"382",0.016829404035906,-0.404441709691221,-170.713209755177,-9.9847444000373,7.44652515742769
"383",0.0760740166968798,0.0737308940183686,-173.492064332128,-3.48640044272776,1.38392831380524
"384",0.0454873679933607,-0.469526791854092,-169.780098418604,-13.7841879681313,11.3676246088401
"385",-0.00869147103829083,-0.64637895243606,-167.44832699793,-8.04462044249902,5.88597363124585
"386",0.0385952750641262,0.144831236782637,-172.232923573088,-12.7658915933166,8.96707164034307
"387",-0.00821870684350779,0.310568619940767,-175.034665785531,-6.30414912323098,4.61160343652734
"388",0.028316139351951,-0.213207426824567,-168.408907042037,-12.5099593677981,10.0526650298773
"389",0.0635030973893326,0.0893197271306683,-169.613039874397,-14.5139810928874,12.5612082402629
"390",0.0731657989215465,-0.541587316106583,-164.41229243927,-15.3542964075627,11.9398649807666
"391",0.0800148273552972,-0.331117387965601,-168.661123429209,-16.0477225419444,11.7661895404543
"392",-0.0396285017262297,0.15483154864284,-174.700233947379,-12.953316530168,10.4010838687412
"393",-0.0029517633691629,-0.715244291284584,-162.288866395317,-19.0124510563076,16.1635549219543
"394",-0.00662334030291102,-0.272412797567872,-173.677226906568,-10.4472663189776,8.34721280697603
"395",0.0538796021281314,-0.432604195250526,-164.552738813225,-7.9102809163889,6.08305225858488
"396",0.0116878700633652,0.611834190531561,-165.065054567866,-7.29021593471429,5.30125586236091
"397",-0.0260231256923487,0.527453510197153,-169.194285493913,-9.68415773269771,6.95624543556687
"398",0.234193258333881,1.37018949779982,-171.150009292731,-7.08222194618016,5.43459198213388
"399",-0.0276529273316261,-0.0649837999972962,-174.64132809816,-5.68684450017338,3.62302151665973
"400",0.0949782536655649,0.497707786856885,-167.246558771402,-10.6868980420914,8.1710687652566
"401",0.0145251197342369,0.914283797861003,-169.008308978558,-10.0091774773917,6.6278547468422
"402",0.249035006869648,0.365530933774197,-163.563389323936,-5.85021657514956,3.60590697480742
"403",0.046645564901459,-0.502208786001354,-166.215800125081,-12.4129581133707,10.352115913779
"404",0.0677996268401195,0.644262161422965,-168.286025695322,-11.6849889479261,9.06319659584218
"405",0.0642174753874209,-0.317401072721861,-171.7543693157,-9.95506987854332,7.78185807667263
"406",0.0541817113831945,0.085416709238475,-172.26331242821,-4.80023934484584,2.56237292975776
"407",-0.0282124551684922,-0.647138774813944,-163.734053687106,-6.12696585675176,3.71389999896686
"408",0.0867455524932384,-0.74196827038482,-163.165190477681,-14.3659632809459,11.9072423569918
"409",0.132965334051915,-0.512682625568795,-170.302802951896,-8.38814565230796,5.75939450029612
"410",0.0698630223987464,0.235996714460535,-158.086159370559,-11.8984620067223,9.6762125263315
"411",0.0450423086080136,0.252486667820357,-172.449588565595,-16.9774913678221,12.9784445469763
"412",0.0375459151847727,-0.445049055252879,-171.2640274135,-12.0920294652246,9.76254797593643
"413",-0.0888179611446522,0.449815484552413,-173.828355172256,-5.41012037839598,3.77327266761398
"414",-0.0411627525822282,-0.556176483644975,-168.843243566843,-8.83113853742376,6.5336722982446
"415",-0.0318631273446456,-0.923856337443518,-159.889192760397,-14.272230097462,10.1407927366307
"416",-0.104823387337778,0.698662897668076,-172.386912443951,-5.91608119304004,3.89696762312547
"417",-0.0130173351923039,-0.464221092677015,-165.672825085635,-11.9094597503115,9.59105334389457
"418",0.000986678980281125,0.153171534388691,-169.312823802511,-10.7484263762356,8.90686210556761
"419",0.0121536040735186,-0.91914815333568,-176.348967042029,-18.8763637590504,14.6829634846068
"420",-0.156796291721583,0.465595327988354,-175.742147716651,-14.9415656040669,11.5449062110982
"421",0.0257978333962318,-0.166555110394515,-164.634564383227,-13.1855860709855,10.0962571325456
"422",-0.0347909212507713,-1.14998459994649,-169.106475611048,-13.4542930322168,10.5835681485288
"423",-0.0219601513262507,0.4958618330979,-177.860006084312,-14.1614842143816,11.1981058797773
"424",0.104030615456046,-0.408819537544439,-166.214785651739,-17.8120729304603,13.9357940643991
"425",0.118422025194724,-0.230204663198417,-164.585879967611,-9.50311551390232,5.82489104261986
"426",-0.0219801988698024,0.618565387630001,-167.199422470114,-12.7921817809445,9.76573740829941
"427",0.0585559049479894,1.0716132432895,-169.265807891253,-5.71439086483626,4.42319281533219
"428",0.0637241505455771,-0.685613505801319,-173.735085938182,-27.1276613841782,22.7883613057482
"429",0.0245480402138602,0.184551538896324,-176.694933859593,-13.2952180741728,10.4109420120451
"430",-0.0139985864082088,0.525343705173322,-176.399453769041,-8.77185263761718,5.82641363944408
"431",-0.00347662633742304,-0.526734190002695,-169.197297729713,-7.87310843324293,5.20505523200646
"432",0.000588366658598279,0.538781696091618,-173.904498801424,-18.1903157730159,12.332468260371
"433",-0.0557993058314675,0.46506913506126,-169.14548765128,-8.1376555519888,4.5439260662107
"434",0.0191260043365683,-1.20559742499268,-165.761358042511,-16.5751300950876,14.6782486049055
"435",0.0572191814527901,0.28956118393479,-172.62858561966,-9.46817462525444,7.24815067130646
"436",0.13622294104328,-0.249210831540599,-164.702070611708,-19.2917999787905,16.260384287486
"437",0.042156926711314,-0.2855768385107,-164.833807464785,-8.75367664059893,6.51669436159013
"438",0.135928882778148,0.401779981184317,-170.926980939049,-9.15249907186681,6.73234842841322
"439",0.0134618066453138,-0.222703014356132,-172.385279069757,-18.4303238337976,14.9798874008048
"440",0.0909260015907744,0.113345861934173,-165.294295766618,-7.06715797497414,5.56159195332379
"441",0.0179087810594666,-0.1094109530529,-177.944511052329,-12.6994050143755,11.0054518004393
"442",0.0522997204122205,0.124587221386272,-174.459214894363,-7.48685090218011,6.0184635601984
"443",0.0929220255459204,0.657682057381909,-162.840337503097,-15.7549437464934,13.1677620447584
"444",0.00952698215328031,-0.402095115629101,-173.841641840717,-4.85528790677306,3.31702176591705
"445",-0.0432055471104169,-0.108676936598776,-169.792205705145,-8.84172083986471,6.87045454251668
"446",0.0864796404580939,0.24975873430415,-168.091965707376,-6.94960139498777,5.1111884143888
"447",0.101178048219011,0.521466845177594,-168.106616796491,-9.39402005740323,7.19600343774444
"448",0.0162569390724486,-0.0228396427105587,-181.60806360227,-15.5803542075364,11.9922586837504
"449",0.0313152288197276,0.0182211631821161,-170.55059061493,-14.3981867906395,11.7374835944647
"450",0.0208920408549949,0.642101673662266,-171.96879806966,-6.50556965514001,4.76327951414229
"451",-0.105605160186629,0.436718908898577,-177.835335114641,-6.6015161661543,4.38932528846231
"452",-0.0181501246450651,0.74085935678808,-170.683939248288,-3.96145123289574,2.42650563357414
"453",0.126778286758293,0.37187938277257,-173.62815297793,-10.0429036693096,8.69070123181454
"454",0.0269982288553038,-0.765007073380759,-171.254663158915,-14.4479212667112,12.1307848668109
"455",0.0165718142157156,0.256094240393469,-172.399035255887,-10.2188362018185,8.21609170714562
"456",0.0653124884498192,-0.262180561236606,-164.746056268924,-13.2322076889673,10.8756837230622
"457",-0.022939416332603,-0.162242508508786,-170.437928711926,-13.4068769355084,11.4792472601865
"458",-0.0105214122369247,-0.0571051818380017,-170.657465941797,-12.4387407613108,10.4025085732511
"459",-0.0526465461362618,0.0854403461818051,-170.057596643936,-8.33034468319349,6.57121611953006
"460",0.0822010527212494,0.0671575937373004,-170.079948860807,-9.78867704669069,6.94966568915994
"461",-0.00274545773486597,-0.0749819852109984,-169.513016619596,-12.1629163420433,9.42152078751987
"462",-0.0353750212586208,0.0796332779602925,-170.866468384107,-12.7944893848317,10.938573991078
"463",0.0310180973524741,1.13438249401959,-174.822952994434,-9.24333197964935,7.12891663184492
"464",0.0271962408939998,-0.130472204096065,-163.634221669266,-10.9533392231793,8.68536243958534
"465",0.165846397085324,-0.434352509014941,-170.514946035088,-17.4603634953226,13.9115814288869
"466",0.0276920155400837,-0.170867324543198,-169.011443663149,-6.94140554651544,5.48532097578258
"467",0.125271803238158,-0.220285044858131,-170.590035555676,-15.3525237488802,11.4494225372971
"468",-0.0636017574751895,0.178885998178846,-172.10553663406,-17.8585411787563,14.4112178822988
"469",0.0277699296379477,-0.0779204551249303,-161.694567226731,-8.99717298886149,7.37805936944572
"470",-0.0569804612958879,-0.0460316819223179,-172.746500059474,-18.3073675875436,12.936597260091
"471",0.0150118242406685,-0.185956246890401,-166.110670133095,-15.7383089659966,13.1391161887458
"472",0.044123860028661,0.422190877891238,-171.720129585018,-5.3585307129139,3.93460430124431
"473",0.0770593164952058,-0.0813955259630842,-176.923312546435,-18.8265104844876,3.08541745649281
"474",-0.00892401009938236,-0.399205794605906,-175.01893198261,-5.60609598505795,3.98711343641223
"475",-0.000920324632906775,-0.282730227917437,-163.777733045856,-19.0678863516921,9.22066684609991
"476",0.0156866445386071,-0.161192469548574,-169.697663220892,-10.9525488274758,8.07799122484553
"477",-0.0293031175355461,-0.791368820570717,-173.604917312616,-10.5351501960182,8.97595980186861
"478",0.0416237994299278,1.18492281287498,-170.150691097427,-5.36004522776524,2.17306640307005
"479",0.128995074817461,-0.313649921617552,-169.88581751198,-14.3427826719447,10.3771078838802
"480",0.0397491255892374,0.243612153506605,-169.11201181381,-11.6320499766002,7.83981717343952
"481",0.0539430136087131,-0.661194430907606,-162.908180602413,-8.76766310470523,6.5054455919703
"482",0.0344065590949016,0.204592454222264,-171.843843848152,-16.7010916050147,12.3522489392807
"483",0.0665554658158968,-0.504797868208262,-166.874405571903,-11.2670022122791,8.57732854520051
"484",0.129371002184841,0.532564025737988,-170.546431567148,-12.1960660551636,7.56909479766847
"485",0.144881789291385,0.973632655096513,-173.36167006962,-12.0857506703968,9.19387885359572
"486",-0.100405439545502,0.417098244859298,-168.753324711791,-15.2442419689007,11.5878419608375
"487",0.0685476171015719,0.460435883507938,-168.994795536885,-10.286383980857,7.8829810228234
"488",0.0512937978941829,0.505137357931335,-169.04324243266,-8.44757468874827,5.21723466621453
"489",0.0976419718265165,0.232340513166184,-169.175407380288,-17.5765821457921,14.0162266920275
"490",0.0210316973419963,0.122977108438353,-173.798736497935,-12.302435712144,8.7073226747676
"491",0.0326350889192367,-0.26219228562311,-168.238253752071,-13.5139031932829,11.4554340951378
"492",0.0367814861335773,0.342706416351802,-172.236153604534,-12.2718233779028,9.60583476703822
"493",0.146773917772976,0.690237551896948,-162.994423831502,-10.7509480308541,7.39950030887293
"494",0.103652333993079,0.151888914850795,-165.074311570301,-14.8041499887036,12.7540575175871
"495",-0.0172221944979687,-1.72662168752182,-168.013398302577,-8.30719536403763,6.29611945948289
"496",0.0329650284282118,-1.0872731525892,-170.996861925055,-19.3972512251805,17.4545964971488
"497",-0.0402549331942073,0.24244014802735,-167.357560628504,-15.8414765870201,12.4074790893747
"498",0.104109611837338,0.491235109915837,-168.562949545246,-5.94351064253925,3.23532810354691
"499",0.000679230717525418,-0.303772019569093,-167.17982475442,-13.6512812640487,11.0605040818491
"500",-0.0103192243119198,-0.379528734199362,-175.988227969403,-15.7419876661517,9.84955457420975
"501",0.00898089775477654,0.241067498150353,-172.57844979618,-8.212012433787,6.35861222187836
"502",-0.00367400361047736,0.750544442867966,-170.598107472524,-4.49762870561153,2.49578172552026
"503",0.0586959173639939,-0.330917823038044,-167.385473769821,-14.6273694340242,12.7197801031876
"504",0.0380768884343584,0.658722776061523,-175.023198450667,-6.40812518834376,4.42753973479966
"505",0.220665372605976,0.377475125868665,-164.568516584211,-10.0226828928258,7.93705441331929
"506",0.0873472110615797,1.27306908094842,-169.350137486875,-8.10110091660811,6.83027982123389
"507",0.0479455253644736,-0.935666846304718,-172.155767300062,-11.4134134609318,9.55111974045015
"508",0.0120374443511288,0.457786794990312,-167.347245912929,-9.850307465139,7.5184322889492
"509",0.0059311497423228,0.358445698999655,-172.713323055838,-12.3079309350313,8.64228138176866
"510",-0.0538009923714537,0.0842116414745013,-176.134085079382,-7.09092738064958,5.58834091466182
"511",0.00858113743736578,-0.518137062563002,-170.353656449508,-11.9570600555661,10.2922697634802
"512",0.01288670411901,-0.516130937699119,-173.446133706311,-7.07002033437459,4.33225088975646
"513",0.144099874473581,0.46342600264313,-167.011574424241,-8.05444327801068,6.73204983268318
"514",-0.020313742711132,-1.22255331470505,-169.617199932162,-14.9820620029493,12.392950733919
"515",0.106343632455648,-0.302131985424028,-167.027980868318,-17.753747105618,16.1743457230107
"516",0.0578738795742441,0.698943944512548,-173.079221653442,-10.74887140775,8.65080928792787
"517",-0.0748037758527343,0.0167729667599584,-173.865407619884,-15.6258190502955,12.0043230443333
"518",-0.0680571055992943,0.296428838220229,-172.1828574345,-12.2249041387828,6.80301728689107
"519",0.17987795158812,1.44339856562166,-163.76939494973,-11.7242979930519,8.42739066600095
"520",0.105803312346786,0.63099730876673,-169.581134820042,-6.55252140394368,3.95058442056777
"521",0.000685468547345723,0.917839487087647,-167.512238807211,-2.76565402197673,0.97873418401141
"522",-0.00181546013605083,-0.816867386683042,-171.220973458406,-15.4382136354878,12.1879886587219
"523",0.0665835395041397,-0.247928712099708,-168.638724556055,-11.911518907481,9.55513671131521
"524",-0.00475180161069299,-0.174888898685363,-168.396827298928,-10.3600751383153,8.83054487455897
"525",0.068016691885661,0.0541928461340486,-164.869297872536,-7.83364813184182,5.59531065459721
"526",-0.0607345793167849,0.0403431297262209,-172.705969121948,-17.8136992857,14.2144591488648
"527",0.0195518682903278,0.921683537748513,-171.647976745426,-9.6648909445472,5.92720271865221
"528",-0.0318673575639246,-0.658931849588029,-171.572145591093,-7.54126610287171,4.78146902747882
"529",0.148061706038084,0.0688271330608173,-169.394066022995,-14.9745957058321,12.485675705958
"530",0.0409490454288452,-0.977558269347068,-170.320715040631,-13.3365300988482,11.6491179338343
"531",-0.033917220394812,-0.642971336664074,-172.000510835535,-19.0422868167413,15.8719743425231
"532",0.0613680211716245,-0.0774352214901653,-171.849811774034,-14.1066139645024,10.7810880537007
"533",0.0928790847602439,0.589990213462116,-168.420985266301,-9.32979494137679,5.90753607250097
"534",-0.0144416870454661,-0.818854939922989,-169.589677536386,-7.33204297748958,4.63409861686583
"535",0.0975015123588573,0.225127511192256,-168.38896060517,-9.65438236066731,6.72994496105846
"536",0.0385129281880752,0.112764977167479,-173.196593226204,-6.56525796283558,4.94431836051808
"537",-0.00323776538646871,0.390300685447105,-171.741425830303,-12.4985209143806,10.0563161485099
"538",0.0337475338454861,-0.31261507648963,-165.988530820673,-12.6048544335696,8.83837555729614
"539",0.0164249107580363,0.0688743979537307,-168.3330304224,-8.2428160325776,5.75425161218774
"540",0.034857540573001,-0.343696017977985,-167.284716182833,-13.5583141218524,10.8218495061587
"541",0.000504612314166303,0.108617701601948,-172.944600589525,-5.31933910785391,3.40423688614041
"542",0.0480980179235957,-0.303148693162893,-163.409045165267,-5.24263023375361,3.34157928998024
"543",-0.0611786216057132,1.39726309444153,-174.093721631457,-11.1052513826116,8.63856499446799
"544",-0.0104033192374316,-0.413921506762751,-172.846399546781,-6.70551732176351,5.43961475805413
"545",0.0270769400727514,-0.640061916533868,-171.766685826834,-8.31499697315301,5.0654408986683
"546",0.0916033413126424,-0.995292433533334,-165.400975194969,-16.026181353025,12.14164044038
"547",0.0975309309164217,-0.424500064886142,-170.542088490357,-11.2645127862827,8.89954303879303
"548",-0.108540026322179,-0.83844948390087,-164.95904352649,-21.8314792350035,14.5568359019796
"549",-0.0240235125183428,0.0969264338999959,-175.53604307537,-5.95585360472827,4.50670223163141
"550",-0.0543540720619131,-0.880556729924617,-168.846240542561,-8.9592230955048,7.03721151375576
"551",0.0935894509542037,0.0386236780326753,-179.197673352731,-16.9575189403773,13.2063696198304
"552",0.0143341189559212,0.0875831356344871,-165.131279503775,-19.0393524713942,13.7583656700888
"553",-0.0852425149439879,-0.666646549567297,-175.059445518466,-18.425414687892,15.8485190985441
"554",-0.00881929458415324,-0.0556311472165745,-165.403577456956,-15.3148857480639,12.5599603060415
"555",-0.0458884544891085,-0.145552554250761,-173.787425493465,-10.397890864451,8.09810113376803
"556",-0.117010183736448,-0.878062461831754,-171.006288109638,-13.7697235678755,10.747845880379
"557",-0.0799127513007123,-0.266537794611353,-170.459391596623,-13.5451850906885,8.26054868122967
"558",0.0803843648310763,-0.0145523331756177,-169.1118874146,-18.2124818694259,14.5259390837515
"559",-0.101107802068382,-0.789631761612257,-168.03997161629,-11.7896424889518,9.86913637361318
"560",0.167716758606639,0.33262610911409,-166.60557387463,-14.2488432932224,12.0547654882441
"561",0.0580677023047304,-0.167734190306889,-166.767908344564,-11.2534365417321,8.88855402607273
"562",0.0672666575151114,0.712064681333319,-166.786443555291,-9.25699777991089,7.20019901731921
"563",0.0537123289089621,-0.0576955084079872,-168.017205543795,-12.3330562798057,9.90556462143466
"564",0.140781168187818,-0.0856469194332438,-167.980334504067,-9.23535476780747,5.92765105497619
"565",0.126259067544306,-0.502549133583559,-166.192285366507,-9.70605955514208,8.12926085934654
"566",-0.00674959299090959,0.148265173827546,-172.361090414402,-10.2956519599145,7.70794208302646
"567",0.0435847787112286,-0.00504200636776973,-167.926363130515,-11.9097179166985,9.47874302404118
"568",-0.000143080371359075,-1.05121233000705,-168.078880676457,-10.2543425660602,6.25650948448718
"569",0.112710825320636,0.980933347140968,-167.304886398165,-19.5587216793194,15.2742910479684
"570",0.0719010648258549,0.618819111250707,-168.493055971201,-7.53844619739039,6.07677388148535
"571",0.0531539663203384,-0.542892383068618,-169.774808266364,-12.3477674538867,9.27883451655887
"572",0.181000167305267,0.101689531253066,-167.821350483932,-12.9691197793874,9.11002155591561
"573",0.171729812403275,0.488524879426511,-165.13101823344,-18.7646615227161,14.5111380562499
"574",0.24796476966127,0.733755020362987,-165.76587137941,-11.6746924022005,8.83559241492857
"575",0.097568176773868,-0.172554774327211,-172.148139668705,-16.0617539491266,10.765725571967
"576",-0.0140143163458647,-0.1454764325301,-169.778058044451,-11.9333011786373,9.937270246735
"577",0.00100668092264657,0.365463560121037,-171.996914627126,-12.9947885062059,10.8030353826522
"578",0.0831545266970398,-0.959249991810226,-165.401100133577,-17.1517616335347,12.100450226047
"579",0.124341814140251,-0.134681442949243,-167.036373874536,-10.9166891217151,9.14378513926169
"580",0.0586958390799785,-0.513465594296967,-164.66534090108,-15.8200564631412,13.5898385870129
"581",0.0465422493999834,1.12897758554752,-169.507913696355,-8.4556831392372,7.01654661274425
"582",-0.00947279779067751,-0.0470020943815052,-174.321237599216,-14.6905805987982,11.1544203159632
"583",-0.0523638813473017,0.131768850308585,-175.039725295971,-11.5291843275253,7.06940840450575
"584",-0.0494259532361904,0.0434464697590899,-173.183391926159,-14.3573905773194,11.5891781292156
"585",0.0334983138445718,-0.225369724094023,-171.29195500914,-21.7659769021581,17.7575784597201
"586",0.0304451534487368,0.785149015962253,-178.398850291063,-3.49282993934567,2.05678716880143
"587",0.225994141030718,0.589915081708962,-169.65888806227,-16.2260558920509,10.7587390014201
"588",0.0718673424011707,0.0661924856409636,-171.560466472627,-10.3718421904616,8.65535486519939
"589",-0.010149036149031,-0.653391829788254,-162.814134288781,-17.2224102808126,15.2301864276555
"590",0.100193230316956,-0.145124554807404,-176.677590553183,-19.2620185404404,13.4877747771058
"591",0.120222442617895,0.823776810094394,-175.461626601036,-14.3666656004596,11.1823942494704
"592",-0.0190382268516929,0.129782936235137,-171.36993059346,-13.5755613613712,10.3992312800546
"593",0.0561807436608596,-0.696247959796009,-164.328429826983,-8.2947812280508,7.01786141108321
"594",-0.0213098935185754,-0.197424883324567,-172.068146509676,-9.40950882288034,7.0211059223881
"595",-0.0112630770650833,-0.289645763396349,-168.092250215927,-11.8911181064504,9.72039846492213
"596",0.0279602420530895,-0.792553633776771,-170.537189319427,-16.3858438211704,12.9138760192089
"597",0.088635505721746,0.540672050153558,-167.610534047693,-10.2558484662385,8.22096080333221
"598",0.166046811185462,-0.0272766201438668,-160.047197105044,-8.29899517190538,5.09783291437198
"599",0.0138686915742579,0.124192819630499,-176.824910529879,-9.10930609749561,7.37897388441985
"600",-0.067123860299659,0.154099052572405,-175.965832327373,-11.5118487568288,5.86973338621261
"601",0.0056130126227212,0.455268266307894,-170.079067648045,-5.48564447808846,3.62618407079929
"602",-0.00506298866955931,0.95702213728076,-172.474049817296,-12.355610584763,9.62529496427002
"603",0.0444320029643314,-0.419098726581348,-167.019421498417,-10.8538706236624,9.18842680425156
"604",0.106092225265083,-0.356253259260626,-177.46499660386,-14.1007539651359,10.6365330289682
"605",-0.0212991367104039,-0.369056832145653,-167.799767342928,-13.3986641592137,9.21345078235933
"606",-0.0137783616946738,-0.245771046294501,-174.373348965355,-10.8194098239645,7.70339259746596
"607",-0.0137403791565925,-0.279681138237548,-169.198402944976,-16.6084516260816,12.7844570503181
"608",0.0660347214796598,0.134799921571006,-165.829762313035,-14.0680125175938,11.1177335911204
"609",0.11639328220573,-0.0234518381733686,-166.371459036359,-13.7362248950302,9.6172955425116
"610",0.0548064488201337,-0.042996332010283,-170.413772326618,-9.94415728410026,6.11545187239357
"611",-0.0466799695578601,-0.758202001224113,-167.513855658338,-14.4212991001654,12.3895086255609
"612",0.024857990942378,0.473473410423314,-170.35698585131,-9.67495940598396,7.49177114850287
"613",0.0375240544015824,-0.429745406805851,-158.299177402904,-11.8765216666112,7.17294531230389
"614",0.10763403677073,0.382797259700253,-169.171470820538,-14.9603440517451,11.97111538762
"615",-0.00576485708784922,-0.592327937530879,-169.04053186444,-16.8353997359511,13.9008112499444
"616",-0.10260295973535,-0.554990038326116,-172.503965247034,-16.0830130371164,12.1127725894177
"617",0.00377751224258764,-0.410692699769835,-170.875987843424,-6.37024361409406,4.89436338489485
"618",-0.0541432908425541,0.386610567399312,-175.661673996657,-7.60715235439667,5.96290722722405
"619",0.0485423835409129,1.22291764747916,-170.050354983266,-12.3968585343057,9.08060775513543
"620",-0.0683872296661652,0.790865139424157,-173.876207421142,-8.56048744764003,6.72758548901977
"621",-0.0470288720994251,-0.59748767923986,-180.176065790748,-11.2543765375047,9.5371897239692
"622",0.140729766529231,0.807639958153399,-167.053897895453,-17.5283587199656,11.8541772172217
"623",0.0235587146716441,-0.372874814569834,-168.734154123195,-25.3206023584784,15.6063282534043
"624",0.0828840289602093,0.814102740977668,-165.247674339845,-5.73496139731972,4.27834705981719
"625",0.00431793577763085,-0.592583436499029,-169.156805394667,-15.7426555137564,13.1769555961145
"626",0.0560611298355725,0.299103636839299,-165.485222873274,-15.8366850340948,8.62268123087736
"627",0.0774701005083117,0.315403132262427,-165.035849268837,-6.89063064376018,5.28717920588878
"628",0.0435608929868687,0.407606041904092,-169.804442886652,-8.8221948504283,6.26177489224791
"629",0.0670905607284029,0.179918859620759,-166.15960743888,-6.4034158020624,4.34962896660822
"630",0.0145407284894208,0.107162735431961,-164.921534230228,-14.1651341918301,12.351010012727
"631",0.0964582741954199,0.698819495928474,-169.181360069658,-12.9680245468723,11.070585954009
"632",0.0297300418237841,-0.0641475288266824,-171.324960605235,-7.31092624949358,5.91017069064697
"633",0.0445801066750565,0.198234393346888,-168.826546920673,-11.2334210884126,8.95579278218544
"634",-0.0176609306266812,-0.855730274802101,-170.171315616366,-17.0311326027156,14.4209573579196
"635",-0.031776232097709,-0.528266920998315,-172.782561211706,-7.0555653110835,5.5249754988074
"636",-0.0714980415832816,-0.383149830527623,-163.599715570255,-13.4636270522919,10.8943008663138
"637",0.152681188627484,0.109579260119223,-163.769912460168,-15.6393209769924,14.0625903976956
"638",0.0168838265903512,0.65405941312501,-174.760540901269,-4.96713964082585,2.90977037857493
"639",0.0772735653664296,-0.0706877245941993,-168.216454384221,-8.51334165951131,6.00759268284808
"640",0.0988505354517373,0.0278613030941195,-162.997993011593,-7.14879372781358,5.29256958333069
"641",0.0598216241492079,0.794338970020884,-167.799987891201,-13.3271398268993,6.76701798054441
"642",0.0205704445843873,-0.240010504497606,-167.131434637308,-8.66268885682614,6.64663809700604
"643",0.0686028818912792,0.393673837706691,-167.008095892966,-6.56897007254366,3.56882320827786
"644",0.0276966311017159,-0.338169590495547,-169.148597455453,-13.5654994513552,9.50097542250395
"645",0.00424241285251379,-0.424346111903004,-169.775362886965,-18.1387273311608,14.3186162644917
"646",0.0604512460371038,-0.723800696118453,-164.116666659739,-11.3783217245509,8.84371564529875
"647",0.106769029023764,-0.0829317179197761,-172.043650032,-14.8352435429414,12.1546386101014
"648",-0.0313395000476815,-0.330120481102044,-167.917289176103,-15.1765387792989,11.2039820255187
"649",0.0211432498382602,-0.625053351586098,-174.239428057499,-10.1589657959865,7.54197167425337
"650",0.156827578164816,0.701506193274915,-165.344331640739,-6.0346380141737,4.02222023510185
"651",0.129369423475604,-0.17803957684465,-167.435784671315,-9.99157729142158,7.83768419016807
"652",0.0180198024244106,0.873778252659996,-169.091002187037,-6.06590752216182,4.81478069767071
"653",0.0474334608806756,-0.339166030740222,-161.407873899623,-16.7152586676743,12.7229436324956
"654",0.00561293032291854,-0.298632939641189,-169.690533739031,-9.08884125042093,7.41567887562517
"655",0.111173427454152,-0.0711511298433213,-162.846347314129,-12.069841622531,9.69052746882905
"656",0.0119318515834623,0.301295462324436,-169.074515417344,-13.9448996133227,10.8206240449638
"657",0.0931657035543443,-0.262763551289255,-167.806483086001,-5.02093436861939,2.73901298501371
"658",0.042460380923302,-0.699904646790883,-172.309192814906,-17.1281976314734,14.2997719821771
"659",-0.0208723362549669,-0.882175616150954,-166.217099188209,-17.0868003682359,14.4972928789422
"660",-0.0288632051497921,-0.774878876605137,-179.098870401362,-14.9420425939757,12.1930507042738
"661",-0.0226577460885128,0.545935840478939,-164.689812578259,-11.1337622735997,8.11462408455249
"662",-0.0495216370598042,-0.662235333541441,-178.668008590441,-15.8958086668461,13.5036472279749
"663",0.0275411831295557,-1.01747327764642,-168.625251867304,-11.7362941509023,10.0817919789761
"664",-0.0314509813037411,0.307737357390472,-178.369136807572,-10.1337064071976,6.82038235429908
"665",-0.115965131415213,0.538095413594667,-168.019906130569,-8.29023825630339,6.62646967096166
"666",-0.00171031669672782,-0.562951110942783,-177.899891801069,-3.94986167110512,1.60591094351259
"667",0.028747632778698,0.608682491057522,-164.284386160751,-6.32429827751979,4.79792810570985
"668",-0.0258593324100461,-0.471740371165396,-170.096329843735,-11.7611200234599,8.75971093863803
"669",-0.046818997848774,0.319544261034871,-170.860976313775,-18.545702721855,14.0648104030919
"670",0.0516335323527467,0.252637222008289,-173.239915673214,-7.86054209954285,4.81121829532922
"671",-0.0251265408271321,-0.39681631884433,-167.696190949362,-11.5879750480256,9.03243456391124
"672",0.032420899706609,-0.0101991036194912,-172.959643145174,-11.7963978512822,10.224498877091
"673",0.182080664991961,0.359088206978177,-163.871778929075,-14.7844361901714,12.6663896988928
"674",0.059870116850016,0.309416650548816,-163.783713796082,-13.1816859912949,10.1716162096636
"675",-0.0626407530999951,-0.0594972316220453,-173.50138401588,-9.97140601490829,6.50830101986183
"676",0.07107038858525,0.0593667549991453,-173.332056855783,-11.5564704780853,9.73794906226278
"677",0.0345553625101709,-0.399663163000699,-168.998310215095,-14.3525092327107,11.7219525758918
"678",0.0538223740812944,-0.193495836036441,-167.085065903451,-8.74093727174583,6.37888622719246
"679",-0.0383284226104647,-0.438212923246667,-173.077352905871,-11.5267798384289,9.15906868962592
"680",0.104057277468894,0.227047088668622,-170.653693517945,-10.5983878569769,7.40232449877254
"681",0.0714955380329067,-0.236334462823604,-171.322896096568,-15.4219213627315,13.337457813557
"682",-0.0511646902068169,-1.4599915869375,-172.849320666228,-15.0728600597486,12.8531493008075
"683",0.0957818596694801,0.70128211888624,-172.488897518004,-10.1197029990322,7.88850161584709
"684",0.0105655803407824,0.0740996776221445,-171.448889090296,-11.2279592448726,8.08429317460089
"685",0.107511643957912,-0.154179460175633,-171.463554734489,-8.04071558617699,6.40552989048502
"686",0.00439447404824672,-0.916225991637797,-170.469382853167,-9.70498386359248,7.71591356253652
"687",-0.0533788115096863,0.0558744056202614,-174.974452644248,-16.5517641624071,13.1811311413713
"688",-0.0403845012729277,-0.668356588036512,-174.937900817917,-11.6558171836319,9.22291192168342
"689",0.01034272389987,-0.583933217347562,-170.753242971818,-25.4835723843831,18.9535870509695
"690",-0.0164013083187168,-0.0759612065655692,-173.68450147241,-12.4635724482031,8.28675059284982
"691",0.0753430177090727,0.10393680838651,-166.220523273551,-20.2484963671618,15.098241477832
"692",0.0127813493295005,-0.513113405178735,-166.045613557875,-21.1938106774263,16.5904638631254
"693",0.064358384902127,0.286936283993511,-175.222728020293,-8.78540121186177,6.02319460430355
"694",0.163292492636396,0.337955035503922,-162.257530744839,-11.3562674492119,9.28877455670322
"695",0.0745770849162366,-0.422275732940647,-165.690039802813,-11.4588443685533,9.07629061186641
"696",0.0807003641058578,-0.0562861481365523,-169.003412184805,-8.65998330808393,6.61330051050372
"697",0.0586300766759023,0.205267947587302,-172.448876466244,-10.2911109677586,7.86467309547297
"698",-0.124541140434126,-0.627052867844525,-177.328120878822,-14.4498395936702,11.0275691865142
"699",-0.0598813902011882,0.128801783425725,-172.05525844932,-7.28367043085612,5.19608343049818
"700",0.0161468783025521,0.0615051498146052,-162.07569055671,-9.13548637046402,6.57416424278039
"701",0.0927197813811283,0.112508038192602,-166.256919414494,-7.53854506601735,3.38748019732554
"702",0.0613010676391137,0.551947538629976,-169.230559264884,-3.13741704928804,0.00350369993272511
"703",-0.032006896266288,-0.708857167067664,-168.23540283098,-13.5733675676967,9.98282675828757
"704",-0.091081073965968,0.238070501486342,-179.763056953629,-15.3677291117426,13.0459015637063
"705",0.0663844795203421,0.0291578150178303,-170.231406040922,-9.61373599335102,6.30386752178923
"706",0.125585287285835,-0.0152347112118649,-169.007562706016,-13.295501413642,8.90694333558424
"707",0.0876381592368962,0.474621234056594,-171.214703290552,-13.959726860784,11.648482920108
"708",-0.0806459951440828,-0.91483383139906,-161.286533575952,-9.96849628867652,6.8247005857354
"709",-0.0529039305328836,0.425615481474846,-167.372605350624,-11.5503885033816,9.77597745166455
"710",-0.119556975858644,0.57609049119283,-171.826093606921,-10.3116771861983,7.47530728889563
"711",-0.024280317339222,-0.882308120841245,-175.568706474165,-10.0908136569189,7.09333437624328
"712",0.00388865470241852,-0.493770766308181,-168.191567266699,-3.26178671574145,0.961162461195969
"713",-0.0443132007227948,-0.548252860065076,-169.135446754925,-14.3505765550331,11.3705052338494
"714",0.0542843401796964,-0.156956584457441,-172.373975867519,-11.2385147408107,9.37815458347227
"715",-0.00822546579246177,-0.329697469173846,-161.256337281302,-9.90798118876614,7.9155541521251
"716",0.0121908191341168,-0.207629212476441,-167.9480651737,-15.4421739527373,12.6303724032211
"717",0.0533615770267907,-0.577940310371826,-175.637116369929,-18.2592672037998,13.5683689576449
"718",0.00567384417992667,-1.24379127531587,-174.365544447516,-19.6027677575454,17.1338575201195
"719",-0.0367163199832837,0.509551972355682,-169.280007655569,-8.60788179163783,6.16145776387355
"720",0.0799779298507478,-0.648221970585714,-170.142210533318,-8.05203851119856,6.23438219873264
"721",0.00852289845136798,0.168841847632483,-169.025495267109,-10.2240035047881,8.21154204829883
"722",0.0482009689288819,-0.561205685397589,-172.531750588679,-20.4953775071793,13.4021549341148
"723",0.0777038102159842,0.0756235424598149,-173.638986792118,-10.6330536462517,8.36498372377953
"724",0.0713960382012959,-0.364147606471443,-164.388813524907,-11.7396154997915,8.60855617916632
"725",-0.108833996107666,0.530455661434183,-180.837280982832,-15.8367773953156,9.68785553095876
"726",0.0508790515666781,0.637612680581157,-172.02629692603,-11.1416256421757,7.36621124392734
"727",-0.0425312725127332,-1.08436379148298,-170.845473494109,-10.6376408087623,8.12725922199651
"728",0.116860519438411,-0.526264173787084,-170.513442693664,-6.40849152582118,5.15983048862503
"729",0.0355929841814472,-0.305783058804953,-163.882322426112,-17.4722041099604,14.0851417083648
"730",0.0177400221497898,-0.497078924418832,-170.747133148047,-14.5628998457939,11.4136863226815
"731",-0.0140699229891096,0.611025537521702,-173.213448989037,-7.1088054036862,5.25364237923759
"732",0.0655030585660779,0.462511164024027,-165.114498722292,-10.022681254849,7.88819432680089
"733",0.0456488462711002,0.271351836795229,-166.239302674501,-9.15938091832499,7.03521875577603
"734",0.0301055638593101,0.264154510896133,-170.279705429297,-4.24200602611335,2.29520448694002
"735",0.10737786023593,-0.0463585111770895,-167.069503524804,-13.1879939316303,10.7637117855681
"736",0.0716267883483235,0.477338117144532,-170.074282039487,-10.140600550894,8.2245290240531
"737",0.082418825078853,0.0635731607873643,-170.993651167471,-20.2696357703515,15.2914022424566
"738",0.0887984841944728,-0.405743727796521,-168.139169177493,-15.4856797072897,12.9438794947873
"739",0.0488353997753636,0.189548442890347,-169.686803065515,-10.4789029128552,6.8532456973735
"740",-0.0306214751359034,-0.433497982023406,-167.838844840271,-15.1877303070138,11.9325599233923
"741",0.0592701766459588,-0.271413159547111,-173.21348481953,-14.2711729535702,11.8917257903613
"742",0.0685722727976934,0.934223382431491,-168.164576112166,-8.31252549384481,5.70465338605088
"743",0.0291009686193346,1.28021692626239,-171.0606123549,-8.28694755882435,6.12590675778234
"744",0.0427743506153815,-0.139967455513154,-169.381842730296,-9.17407799014959,6.73984436043277
"745",-0.0759983113311558,0.460497898857526,-179.121856469047,-17.6477374586111,12.3433004736496
"746",-0.0357846525346063,-0.302002789504906,-166.765053739409,-9.80434552166024,7.98446977664139
"747",0.121902213495733,-0.174994050644714,-168.938874778532,-10.6243335538199,7.07124373521
"748",-0.0165454137089853,-0.242280412793292,-172.13447809964,-9.98749171134843,7.35186173269846
"749",-0.0152809183235849,0.0545447266873664,-172.426020586176,-16.382607297933,12.8126923605416
"750",0.0787598738795103,0.896698170763602,-176.255350038071,-5.70561803264404,3.61270777760052
"751",0.0260266794083252,0.427057293868045,-167.655693242545,-5.20559258805487,3.39625725481222
"752",-0.00938467960179678,-0.224412544385416,-167.783459308928,-6.90076324930303,4.83297719859617
"753",0.0362267665099966,-0.255488025410082,-170.5697178631,-12.186165189385,8.48554728998409
"754",0.144211224487077,-0.271259064134142,-173.109882171063,-14.572830666285,10.5530029619979
"755",0.00140699796975362,-0.779283292576157,-176.310847265719,-13.865961599629,10.6990426329946
"756",-0.0353717116956158,-0.945441092787432,-164.907002350313,-14.3246918189517,12.9901761848648
"757",0.00534636463353452,-0.611004771273212,-171.033133855767,-10.1376697976978,6.74071194597846
"758",0.0450455907419235,-0.326243279989278,-170.181208439704,-11.1195558300966,8.03633700676862
"759",0.0897445823698439,0.0640984579972421,-175.76154797026,-12.2511916014627,9.34139749489951
"760",-0.0290471494332619,0.484871923469658,-171.504666799537,-9.43350398844607,7.33844737342443
"761",0.0631190048375359,0.333357071947314,-164.895693504484,-5.37862755922504,3.97115730433622
"762",0.0452202348419837,0.404241802960345,-164.674305867976,-6.33259696000459,4.72160362980536
"763",0.104831436871555,-0.315910918429379,-168.224445187009,-11.3132483609236,8.10562828020167
"764",0.0111532541707909,-1.35029535731223,-168.630448758474,-10.4043127579551,7.99327299579051
"765",-0.0393716658381295,-0.10158679829913,-169.306504749387,-14.7213754776277,11.6663122129312
"766",0.108777303560955,0.638752648317039,-164.214597816938,-11.2666282969523,8.49872164579627
"767",-0.00732472054029706,-0.542311350780788,-166.999512705814,-16.0400111007671,13.5363082293334
"768",0.0641660607485681,-0.755369871944798,-168.591681060401,-9.70580873533936,6.95114471559022
"769",0.00865363983863871,-1.08703691583233,-173.703763963602,-13.054735734456,11.3469114550542
"770",0.0082348337859576,0.132257350905529,-168.626465850041,-10.9936371254786,9.24998585575811
"771",0.0554724188285124,0.302788938459138,-167.284219230044,-10.7123614077084,8.42773561312752
"772",0.0563537151206063,0.260752193567748,-165.6533498343,-12.2112194105175,9.48466917213226
"773",0.0285299488256017,-0.938406009603592,-165.980911900347,-11.0903088174993,9.67577659712895
"774",-0.00444677467701688,-0.377564869003249,-167.37842867212,-12.3864046947876,10.248973516761
"775",0.00103922368409085,1.57318714070147,-167.47935089021,-9.1307005123755,6.4733765840847
"776",0.0240660580129691,-0.821761908228598,-165.629327412823,-5.03991355177545,3.17102189593665
"777",0.0185128357135954,-0.250064567088135,-178.307833704292,-15.6218685867879,8.82997248350298
"778",0.0438031494608777,-1.55710881964809,-170.161256660607,-16.4157452860184,14.4963514523154
"779",-0.00590546709427063,-1.04209667045026,-171.61046070518,-14.9125059407179,11.6352625931843
"780",0.0612451062193785,0.571275868453017,-171.95094809859,-11.0654589795513,8.22776586873762
"781",-0.024048970361047,-0.0338887727044753,-175.536945374113,-17.6877350916822,13.4647889919044
"782",-0.038615276855181,0.0505946619551096,-172.332924563662,-11.7901436169268,8.43720012743247
"783",0.241138436913468,0.636933082971934,-167.037666060424,-10.5355753226057,8.51859194823708
"784",0.13518373380741,0.714544516912472,-165.007193117058,-13.6081304693965,10.2904766516052
"785",-0.0692051798134649,0.399973912071801,-165.203929797236,-13.5158802097777,10.5037420151196
"786",0.0207146678926496,-0.218697640550671,-172.625092232231,-9.89222097544815,7.52266949117273
"787",-0.00663038425087823,-0.379474711525644,-175.840660786754,-12.2660767189595,9.1893854134717
"788",-0.0297782582241707,-0.277604406666437,-172.303573884397,-12.9472704920029,10.5870265792788
"789",0.0716043157092102,-0.0309372141470188,-167.269573410238,-10.9152238268688,8.82795350151031
"790",-0.0441863015595139,0.131481639192433,-176.443055000447,-7.18677773331031,5.21456966881921
"791",-0.0861126736142194,-0.773658168805857,-161.491359527926,-9.24283666642753,6.96491274046996
"792",0.0110178589843972,0.0205030342318271,-174.764798322626,-8.44887807933636,5.50962197923484
"793",0.102839750434982,0.0374022501838162,-162.339877831571,-15.2657524138947,11.4480284578372
"794",-0.00416025648538619,-0.353636034841768,-175.639558457885,-7.69880188893632,4.90286132593231
"795",-0.0117578626146051,0.0244365534883343,-177.612878052525,-7.08513103952299,4.9438300944906
"796",0.152245388170959,1.09903860909629,-165.694064999722,-10.081061121502,8.20023133119975
"797",-0.0427467239706093,0.938625589941556,-170.06183090385,-17.825060725155,14.4519359418655
"798",-0.155514594373314,0.042386329430732,-175.111153097858,-10.2365862733931,7.4368621571826
"799",0.0187203577359277,0.601118758161219,-169.427793482601,-3.27583432685282,1.86567772887303
"800",0.0363605887971872,0.302341045038695,-165.064876893435,-12.9860010231628,10.5437335102017
"801",-0.0618678802722868,-0.616632487313906,-170.423545823953,-9.15521116218556,7.26387112532022
"802",0.124843876460062,-0.239768701726371,-162.661401315757,-12.9335627036073,9.75659943445457
"803",0.0883747803083442,-0.019173796152073,-166.889433004587,-6.35270493671153,4.35398764658837
"804",-0.0308150432492734,-0.249129517601058,-168.732824675894,-14.2186905008826,12.0808689133146
"805",0.0401694829691161,-0.131768184334289,-170.886426063442,-10.3582441738141,8.08585747686237
"806",0.029192262172452,0.164056990891821,-169.379585782071,-7.88201789942221,6.34016576520271
"807",0.142029912861495,-0.39236249857814,-160.711893654567,-5.64100628700599,4.43891067070766
"808",0.00101422081502435,-0.784391849887769,-171.211929210582,-11.139325408135,7.43741866436863
"809",-0.0645501992517499,-0.744340746454804,-169.571501245848,-13.9662761294347,10.8976515928724
"810",-0.000354654280065222,-0.0190177608721853,-173.33512182046,-5.98773499925502,4.30582267304725
"811",0.0673667532383698,-0.851835526557668,-166.579799749321,-17.2015033990816,14.6673623130175
"812",0.260119078424086,0.79512726482656,-162.729781802634,-6.03486444138524,4.11744044984741
"813",0.0938840339814493,-0.604594819650348,-162.618734530968,-13.5241721209427,11.2904626968397
"814",0.0625453032070732,-1.04293525328281,-166.718090500781,-10.1119308401816,8.59152781425702
"815",-0.00279456162503073,-0.618186619315119,-173.297546810614,-5.50948382288227,3.93229790503172
"816",-0.00708695845667731,0.168575045626412,-174.247856356572,-9.99178810856209,7.0574874944646
"817",0.0923953656004478,-0.224933804107592,-165.596235058926,-12.5954572108272,10.0919577315541
"818",0.126055875040149,0.85575727084536,-165.616443555416,-12.949529122377,10.6973507820206
"819",0.0576426519267536,0.604233373600175,-166.591639580332,-4.72317174870998,3.17402368311994
"820",-0.0226854199100685,0.997566530417568,-171.015672917598,-12.8254220650527,8.75746053044502
"821",0.0101941814506994,0.815830133661724,-167.581354617742,-13.47993573454,11.0085826171726
"822",-0.0550431028712543,-0.275351062552247,-169.567521407921,-10.6784324691761,8.39726398849472
"823",0.0116190248513755,0.946302223071314,-175.433898411783,-11.5179765360816,9.09971190077716
"824",0.00875465885033338,0.0784099866464667,-171.055830264719,-21.3019389263285,16.8314524589283
"825",-0.0259978524390566,-0.533621644092176,-164.752760245524,-10.2406127875207,7.52261363050999
"826",0.163928764873627,-0.0506468095778642,-167.41907725546,-8.38000989118274,5.8693051846226
"827",-0.00285137289630983,-0.284066515349238,-172.5176334083,-7.38848459775792,5.1078363026179
"828",0.0187664491819008,0.329838164575949,-166.118971432245,-8.93586964826297,6.39009686772693
"829",0.0308416209828699,-0.463916540476528,-166.160472654592,-13.1063014224322,9.7591498187273
"830",0.0459308803644088,-0.198886616277195,-171.973896837651,-14.5935728836543,9.27977327070511
"831",0.00419849259830037,-0.123046227740377,-170.347270013969,-12.8405760825398,10.7207332693718
"832",-0.0363910584637808,-0.525645608079361,-176.366172617575,-7.50715278761975,5.29401893061556
"833",0.177032997275187,0.397681354857658,-165.909896608443,-8.94038958371719,6.83246485207622
"834",0.101970202537678,0.326851979792273,-168.223461853079,-8.70586282002807,6.80770820008286
"835",0.0680181472632007,-0.30220308186814,-170.077712443541,-7.31429477643253,5.09049018746945
"836",0.0304940463154273,-0.723705564344351,-169.842916029693,-19.3249306846042,14.8888646076831
"837",0.0507946721060164,-0.0438689721089347,-167.379974271685,-6.30404295700902,3.88534459959503
"838",-0.127122470123806,0.540346506580076,-175.851989439514,-12.46658432341,9.50605379042041
"839",0.047652000077138,-0.631447160577669,-167.190249122047,-6.47825014888926,4.23149735194215
"840",-0.0307684845178159,0.193214134352439,-173.22469815795,-17.2931005977537,14.2458723446671
"841",-0.0336394436865863,-0.174447767719384,-164.842377569575,-17.6412989038272,14.0341679380507
"842",0.0580073717255863,0.272829812695002,-165.761627474323,-7.21965352461751,5.28570859939922
"843",0.0553663120130259,-0.377423040167566,-168.9509853093,-11.7035793093023,9.44944458269052
"844",-0.0461367241098053,0.411391168102947,-170.07736495281,-9.44426319046949,6.88041330616523
"845",0.0846713227401579,-0.00328147992027972,-172.570682784842,-11.7860899740701,9.3612010565375
"846",0.0555579528674119,0.05412496468555,-170.654227760976,-9.68472841757914,7.15767701068534
"847",0.0561625558317713,0.0989211012706346,-168.606400992749,-14.8964894975574,9.97810301804208
"848",-0.0225991599188128,-0.955931853165826,-168.973823373393,-10.9481151100415,8.47526277299725
"849",0.128591292524546,0.296808509138981,-172.90112206652,-19.0006286891243,16.388974223411
"850",0.131711748227384,0.721202663264062,-163.36332113276,-9.03909180922358,7.66854226830037
"851",0.0188952006473826,0.116395785673481,-170.056282649322,-8.87045522300008,4.67649322511814
"852",0.0604256998181028,-0.654137350227918,-170.04755575699,-16.432795849992,11.380095221329
"853",0.0826285550984074,0.180048472532127,-164.955884237108,-5.61327503557253,3.69112977264421
"854",0.0349718585333831,-0.753129835754609,-172.396375166393,-12.6410016268483,9.93371277897163
"855",0.0953713841128946,0.284904150461401,-164.442683535925,-7.93272803346356,6.36186453765286
"856",-0.0836916754851014,-0.449471800702509,-172.067742243254,-16.1089432242664,12.2591675677676
"857",-0.0571061867914287,0.0937331467581029,-171.94946312665,-9.75555204701232,7.92570873351263
"858",-0.0461701346970585,0.0426218409000352,-170.522824209642,-10.3549526717512,7.82568955905534
"859",-0.0816535543569497,0.26704735263678,-175.445848107058,-11.9678092591957,10.4716650593845
"860",0.0695540828246736,0.0187219646934076,-171.410571684322,-16.3174600532315,13.5750389280792
"861",-0.0252182078914988,-1.26940861476254,-174.413086482141,-13.8052008150294,11.848283286382
"862",0.0170809432580632,0.840392877848351,-170.064773891927,-5.16659959768694,3.61873129348985
"863",-0.049265461829706,-0.228641285462969,-167.135569938157,-6.73515157536815,4.95284852214537
"864",-0.000728783161703855,-0.371373506603814,-178.208625007318,-13.6322451112111,11.387888246753
"865",0.0852917312539885,-0.0430188996570637,-172.061026453541,-5.87830971536809,4.23302202492544
"866",-0.0335792968780399,-0.709103148161365,-169.279920068365,-11.7830071428472,9.49314233528826
"867",0.0555145389587152,-0.177245792937426,-173.179477607469,-13.711674160118,9.99013162001103
"868",-0.026420769803449,-0.243308568935236,-172.162056321929,-8.29243847252846,5.81221153112031
"869",0.0112261583716129,0.146968434444473,-171.673581641945,-5.73214281148988,3.81663061273752
"870",-0.00861103294398427,-0.607250130159905,-172.564113299474,-12.4807497188451,10.3153846658725
"871",0.083197083684842,0.442551866778571,-160.960007193885,-10.450151421074,8.24412207474719
"872",0.050742415111108,-0.787102323274123,-169.461811101247,-10.3411341019636,8.05325688888752
"873",-0.039187540710962,-0.852801420000255,-163.936459406777,-13.3627705337187,10.9003686211117
"874",-0.0110523763925649,-0.208813601934003,-171.188551134002,-9.85415107193913,8.12512900391262
"875",0.100761609746593,-0.490467526623822,-163.016078566484,-10.105821052514,7.83846933258886
"876",-0.00820147962934452,0.417867577318689,-173.668225971267,-13.8329511749919,11.1935789450903
"877",0.145530135954114,-0.233543060882133,-174.806671566653,-16.6133209534487,13.6232753600284
"878",-0.00361333353796331,0.433259455816172,-170.586987011146,-6.74784537025393,3.97772210678042
"879",0.0350629020984428,-0.562704392587353,-165.518097644894,-6.78984884994587,5.45363584607969
"880",-0.076932398912421,-0.0518555104599523,-179.92790974133,-5.42189592352995,3.80387550657338
"881",-0.0492426624891521,0.475258010501086,-176.741708623703,-9.51993954444215,7.76159702542413
"882",-0.0107980974464972,-0.943486713311456,-163.849895679603,-10.0052870870151,7.90169111325968
"883",0.0206654637622049,-0.190570519229859,-180.976158750176,-8.8034755090955,6.86481900415659
"884",0.127761071455326,0.832056343546448,-171.116632039458,-11.0595851546223,5.93335965211235
"885",0.064949723742107,-0.146132582982024,-170.349355697542,-9.52031014080605,7.47588930308257
"886",0.0252925438166154,-0.54922585915633,-175.694207086402,-10.3845947657234,8.3801512613527
"887",0.00503097890247944,-0.0149751854280576,-168.394401954739,-9.70123167061214,7.6038771218141
"888",0.124876821554265,0.634243250638181,-166.742352734695,-6.58823484134494,4.79705788103599
"889",0.0815140060081902,-1.04080123433659,-179.881624396228,-13.8840445746958,9.56194410179155
"890",0.0911832688534969,0.289236936210347,-167.813474910601,-10.0824904251561,7.04093547596414
"891",0.0212848561012901,0.237851135853824,-165.592890146513,-9.44515928676848,7.40198579237804
"892",0.0232861178994079,-0.934529553530122,-171.182719144562,-5.80648608893527,3.42996222723863
"893",-0.0127118643477433,-0.954924210036794,-175.490072398139,-11.5181986071616,9.55234500449324
"894",0.0193973909144566,-0.220549786567313,-165.116168248632,-8.55686143663598,6.28270951162953
"895",-0.0527168093277532,-0.833886029122932,-172.828871983563,-11.2367622972284,9.76457546350506
"896",-0.0237995043891266,0.498077809144833,-166.442505073979,-8.90410363620473,7.19238870963077
"897",0.0633895595751104,-0.362836153652368,-171.935679500045,-16.0872205866041,11.545934342622
"898",0.000978986883466268,-0.996610996322236,-171.293456286453,-9.22670894461642,6.9468725451559
"899",-0.0213219737258273,-0.233400460018726,-172.170731909851,-13.8470405355637,10.733640477188
"900",-0.0280320952315925,0.247877495712729,-173.348329075951,-9.37926971278848,6.71227765108596
"901",0.0689308277880249,-0.541768283628636,-170.651916221892,-9.81942602258252,8.05766324663806
"902",-0.0322965462284266,-0.528592445939306,-167.447823415005,-12.1439035076745,9.0994355441433
"903",-0.0636777766090065,-0.246375866641395,-167.588989917464,-14.636046972588,13.1461396254424
"904",0.0516956695228247,0.308292709129664,-170.561690490219,-6.17862634202947,3.99271469712576
"905",0.0478358783630066,0.100349011751739,-167.44796652357,-11.0662461439185,7.7240939449264
"906",0.117226467773299,0.280212244595565,-164.708563761639,-12.4696219017778,9.68071227313873
"907",0.0223621716014754,0.735148760568,-168.027706702726,-12.229414018384,9.45859416241053
"908",0.0246124448034725,0.495229149230509,-168.595876347114,-5.57771985095195,2.93434074998995
"909",-0.051791287284256,-1.31821246571778,-171.377160711714,-16.8554405862702,14.409961503692
"910",0.0735985135331328,-0.563074106146129,-168.422896771115,-12.1718622271303,10.6107911177547
"911",0.0286576354243111,-0.430476423471244,-162.543621245405,-14.495249510626,11.1843306564687
"912",0.0364480285952023,0.377063487717301,-170.927711353402,-15.0567078533554,11.8451657595064
"913",0.00248315632619113,-0.680783569858407,-169.206468343035,-7.36948341188432,5.18389814848637
"914",0.0145964872102932,-0.576636537365614,-170.533982241861,-9.55707233433456,7.74005504378745
"915",0.0577398974533876,0.408629565224027,-169.86784679994,-5.86671971412112,4.18722107006139
"916",-0.0439847243535096,-0.00904303068673063,-168.761780641777,-5.41344784037379,3.40994527629248
"917",-0.00549579200667872,-0.195363389248202,-168.641684803077,-16.9638476109068,13.1373530592498
"918",-0.0242065453709974,-0.300979773669308,-167.875334033872,-13.3919126352549,10.0181992932426
"919",0.0557669538538014,-0.590620364175321,-165.685059686392,-18.0344266109618,14.7143361172731
"920",0.00411067658709861,-0.374346404365201,-171.095491347827,-11.6023886623731,8.01037471180084
"921",-0.0356693491398426,1.02550529488331,-177.616492032077,-7.68460518463131,5.28344569093193
"922",-0.00227468630472639,-0.260696782348705,-170.500242557325,-20.870307949502,16.4968026154997
"923",-0.0475239789786735,0.209147210538954,-175.371522990621,-7.75134253777699,5.74796610539438
"924",-0.00295685508671367,-0.650405713352848,-169.255854686128,-28.1529117602802,23.0989345430288
"925",-0.0315178740145067,-0.679719144243147,-167.15780433663,-9.65790948095701,7.28441332820834
"926",0.115298457043287,1.9483012833202,-166.988062677836,-6.24118395531177,4.32833117599043
"927",-0.0174246912540478,0.954893082592111,-172.892778979488,-20.4566399262919,13.7533396106705
"928",0.0982150580420743,-0.603606962601568,-160.60947493591,-12.2832542744833,10.588746640226
"929",-0.0366856967727839,-0.0321166963083796,-167.112184729454,-13.3088987628259,11.7958848623851
"930",0.0347930764515042,-0.0350954011687271,-170.694409764002,-6.36015917501057,4.06244944562759
"931",-0.0978658520608685,-0.411281633943251,-172.101770049232,-10.4798748004656,8.50165133430092
"932",-0.13307952664258,-0.622862083678134,-169.677149271285,-10.0927030407903,8.13353227557531
"933",0.18009803771582,-0.140451401547762,-169.672059954959,-11.1939712369721,9.69676109671307
"934",-0.00299455830029508,-0.457308565723188,-172.300695837174,-5.43490667442197,3.45154992051905
"935",-0.00127393466902984,-0.149713387576777,-171.689004309089,-13.7848948608586,11.6012241027109
"936",0.0194050659779378,-0.254204846119262,-169.740242452416,-10.6082122525014,8.60723954342456
"937",0.0723201382005914,-1.32817393682044,-169.671685649634,-21.1029962892268,17.4252082595004
"938",-0.000355633453599744,0.667177650395114,-168.859011667968,-6.40404359764207,4.65056983790763
"939",0.0691773586373444,1.27649299439128,-171.060158037288,-5.67436377289651,3.95943293741906
"940",0.0289432008409331,-0.412920026809857,-167.496224599646,-10.3476301817565,7.84734310800044
"941",0.0043626263491763,0.160794621796632,-167.571256388851,-9.17691326829867,7.38254739682403
"942",-0.0658353037155264,-0.894666475334262,-169.149886966589,-17.6296833418827,14.8629770224575
"943",-0.00705869763813077,-0.500751249821909,-168.812178078892,-3.77836892814517,0.557570596635154
"944",0.050235442150456,-0.350270583173673,-168.692576447055,-10.9602644444176,8.85391948686828
"945",0.0194548576391587,0.188893314206025,-169.593365716108,-15.7728173790649,11.9728409273064
"946",0.0413367501994517,-0.39218933038102,-172.863068882836,-14.8011082712026,10.7621412720851
"947",0.00596992419159554,0.643584833407863,-173.831563289157,-15.453135253723,11.7689185060682
"948",0.109474233984211,1.06562157018496,-164.87944715105,-11.7223787229774,9.34058577479755
"949",0.0928557466363609,0.0372706370303641,-166.853578985107,-14.4659216858193,9.96160110996601
"950",-0.0103903001653703,-0.0439232660870886,-170.201265118117,-2.8903846019745,0.865611911910678
"951",0.0677333013105112,-0.17966416495849,-173.041893620013,-8.79035667081298,7.02394995819232
"952",0.00719106957920375,-1.03820690374469,-156.643455375663,-10.9286810822918,8.02665805574223
"953",-0.00633856207047249,-0.715634247076217,-170.343923673754,-13.3519922732767,8.48313236606791
"954",0.0300530035871753,-1.30520379130497,-175.806120082592,-10.132634799171,7.91848208712803
"955",-0.0347767583781743,-0.108035201407389,-168.663373254145,-14.6590446003508,11.2043400805108
"956",-0.1370532952527,0.490543784221284,-172.725541750062,-6.38636546202478,4.29566728880836
"957",-0.0227195107436971,-0.845586818513663,-170.963927465591,-9.71493837466829,8.04062884646669
"958",0.0680534862643819,0.950133637579532,-171.98550113114,-11.0256810478404,8.42793068365762
"959",-0.113032951891598,-0.674861059974248,-173.312612706184,-16.297023699348,13.3933878093393
"960",0.0749880210430652,-0.16380677749487,-169.692463997146,-5.56589454154786,4.01113040453701
"961",0.034268826950098,0.0178205644331912,-166.55701282962,-10.9663825882176,8.63008221742107
"962",0.052793847069726,-0.636176383520757,-172.041940992558,-21.6660630288648,17.3658495078049
"963",0.100907730696295,0.00185021461154157,-162.183187021275,-18.2085263837638,14.8376138403436
"964",0.0200134910307389,-0.807296742286094,-164.520804882708,-9.58179655847016,7.87660301237027
"965",0.00409532308116964,0.0373636038443164,-169.947559812573,-25.9820749460093,19.2619064772204
"966",-0.0458088772200995,-0.192536033095024,-171.990659492527,-15.8856620329551,12.7116275136781
"967",0.0173139603586224,-0.104901300479798,-170.652595472032,-13.1174369421058,9.91164608174704
"968",0.0721034590430949,0.451549869762283,-168.140631801092,-10.8446424820003,8.81421020777035
"969",0.00141747792972291,0.373869814816222,-171.675596517524,-13.6092896082432,8.80825921826174
"970",0.0224827452880123,0.34487046636228,-164.544230229468,-6.72627174944791,5.15016754786327
"971",0.0650702030390816,-0.301942991002828,-166.338711988435,-8.42789522964205,5.94483590663996
"972",0.0353675697585669,0.683240396072046,-169.366093087131,-14.18135870823,10.6801880937231
"973",0.0591674593391491,-0.2057904958638,-168.833238157322,-6.93541993973348,3.9930251991114
"974",0.161948161364705,1.22786743089447,-167.593990514423,-11.0941621026018,9.19052725734119
"975",0.00719131621724881,0.0152527734073402,-172.037468143347,-12.838952356822,8.2898041677362
"976",-0.0100191629731346,0.604695271998881,-170.93189132189,-13.9661579730329,10.3912659094244
"977",0.0746586557121454,0.256365593865536,-163.320827949214,-8.7795538471389,7.01556652421852
"978",-0.0319814241545335,0.178080404933375,-169.81068186074,-15.751382091593,12.3217189864439
"979",-0.0680987573321791,-0.485123483554798,-171.209013045052,-7.55803241068734,5.62292296262145
"980",-0.0477334431505921,-1.16086893680887,-167.549766699838,-22.6009122439418,19.6563677758092
"981",0.266712167606867,1.4556155276314,-168.975835851829,-6.77404452657517,4.98893670497688
"982",-0.0193432519358097,-1.04557004466562,-166.222865984903,-6.97073064954982,4.01189693450408
"983",-0.0180059428261275,0.0820231912064003,-171.855557824757,-6.74127061635364,4.61966824650663
"984",0.0587456134806651,0.87050671472708,-174.904984992399,-7.25783692534365,4.33020236782722
"985",-0.0265253999641117,-0.987008530276602,-166.005868659709,-14.3963259525493,11.5080135486549
"986",0.126798597802225,-0.083716548004549,-169.922670002157,-10.9164787537114,7.54345778271633
"987",-0.0373230493910566,0.0823142966167595,-171.488438899748,-11.0017684006133,9.03183518476015
"988",-0.119408688311257,0.392634735726095,-174.315615398371,-17.6205309586065,14.2304034546503
"989",0.073884503509264,-0.130481316111748,-167.290358584936,-13.304386262955,7.9141937246539
"990",-0.00814133472629912,-0.763336313037436,-162.988921528813,-16.1869715222707,12.8880635162876
"991",0.127726695517406,1.07319608013877,-172.236057097945,-8.86502836239127,5.39114406633012
"992",0.127612651172326,0.794716426939611,-167.373946599342,-13.8821536988289,11.5449312007397
"993",-0.0320540355709633,-1.33394898039985,-163.47837100109,-18.1071624638669,15.8787356675426
"994",-0.0197114858837267,-0.363441770959961,-174.443143790843,-12.4746826745496,8.45259056115833
"995",-0.0663551477950882,-1.25187891733033,-168.113544475909,-11.8279920458675,9.89213933166911
"996",-0.0104188790274543,-0.294318983394608,-178.795511882867,-11.4251591378668,9.14304785410114
"997",-0.0363839516742914,0.0268063422080723,-175.483568573455,-8.18905935072166,6.29709099350843
"998",0.0219352157815256,0.556840874754112,-175.135442359082,-1.54652188430631,-0.551022932154183
"999",0.0399837152145248,-0.0377256568210828,-168.167804258742,-19.9959592458423,14.1161596043237
"1000",0.0595255964916996,0.625244630166399,-171.909748288384,-9.21230876011862,7.17810992279499
